#N+,N2+,N3+,N4+,O+,O2+,O4+,NO+,N2O+,NO2+,H+,H2+,H3+,OH+,H2O+,H3O+,e,O-,O2-,O3-,O4-,NO-,N2O-,NO2-,NO3-,H-,OH-,N(2_D),N2(A_3_Sigma),N2(B_3_Pi),O(1_D),H,N,O,O2(a_1_Delta),O3,NO,N2O,NO2,NO3,N2O3,N2O4,N2O5,H2,OH,HO2,H2O2,HNO,HNO2,HNO3,N2,O2,H2O,Time(s),StepNo
0,0,0,0,0,0,0,0,0,0,0,0,0,0,0,0,1000,0,0,0,0,0,0,0,0,0,0,0,0,0,0,0,0,0,0,0,0,0,1.2e+18,0,0,103.69,0,0,0,0,0,0,0,0,1.92e+25,4.8e+24,1.2e+24,0,0
0,0,0,0,0,0,0,0,0,0,0,0,0,0,0,0,997.438,0,0,0,0,0,0,0,0,0,0,0,0,0,0,0,0,0,0,0,0,0,1.2e+18,0,0,2.0739e+06,0,0,0,0,0,0,0,0,1.92e+25,4.8e+24,1.2e+24,5e-11,20000
0,0,0,0,0,0,0,0,0,0,0,0,0,0,0,0,994.882,0,0,0,0,0,0,0,0,0,0,0,0,0,0,0,0,0,0,0,0,0,1.2e+18,0,0,4.14769e+06,0,0,0,0,0,0,0,0,1.92e+25,4.8e+24,1.2e+24,1e-10,40000
0,0,0,0,0,0,0,0,0,0,0,0,0,0,0,0,992.331,0,0,0,0,0,0,0,0,0,0,0,0,0,0,0,0,0,0,0,0,0,1.2e+18,0,0,6.22145e+06,0,0,0,0,0,0,0,0,1.92e+25,4.8e+24,1.2e+24,1.5e-10,60000
0,0,0,0,0,0,0,0,0,0,0,0,0,0,0,0,989.785,0,0,0,0,0,0,0,0,0,0,0,0,0,0,0,0,0,0,0,0,0,1.2e+18,0,0,8.2952e+06,0,0,0,0,0,0,0,0,1.92e+25,4.8e+24,1.2e+24,2e-10,80000
0,0,0,0,0,0,0,0,0,0,0,0,0,0,0,0,987.243,0,0,0,0,0,0,0,0,0,0,0,0,0,0,0,0,0,0,0,0,0,1.2e+18,0,0,1.03689e+07,0,0,0,0,0,0,0,0,1.92e+25,4.8e+24,1.2e+24,2.5e-10,100000
0,0,0,0,0,0,0,0,0,0,0,0,0,0,0,0,984.705,0,0,0,0,0,0,0,0,0,0,0,0,0,0,0,0,0,0,0,0,0,1.2e+18,0,0,1.24427e+07,0,0,0,0,0,0,0,0,1.92e+25,4.8e+24,1.2e+24,3e-10,120000
0,0,0,0,0,0,0,0,0,0,0,0,0,0,0,0,982.17,0,0,0,0,0,0,0,0,0,0,0,0,0,0,0,0,0,0,0,0,0,1.2e+18,0,0,1.45164e+07,0,0,0,0,0,0,0,0,1.92e+25,4.8e+24,1.2e+24,3.5e-10,140000
0,0,0,0,0,0,0,0,0,0,0,0,0,0,0,0,979.638,0,0,0,0,0,0,0,0,0,0,0,0,0,0,0,0,0,0,0,0,0,1.2e+18,0,0,1.659e+07,0,0,0,0,0,0,0,0,1.92e+25,4.8e+24,1.2e+24,4e-10,160000
0,0,0,0,0,0,0,0,0,0,0,0,0,0,0,0,977.107,0,0,0,0,0,0,0,0,0,0,0,0,0,0,0,0,0,0,0,0,0,1.2e+18,0,0,1.86637e+07,0,0,0,0,0,0,0,0,1.92e+25,4.8e+24,1.2e+24,4.5e-10,180000
0,0,0,0,0,0,0,0,0,0,0,0,0,0,0,0,974.575,0,0,0,0,0,0,0,0,0,0,0,0,0,0,0,0,0,0,0,0,0,1.2e+18,0,0,2.07374e+07,0,0,0,0,0,0,0,0,1.92e+25,4.8e+24,1.2e+24,5e-10,200000
0,0,0,0,0,0,0,0,0,0,0,0,0,0,0,0,972.043,0,0,0,0,0,0,0,0,0,0,0,0,0,0,0,0,0,0,0,0,0,1.2e+18,0,0,2.2811e+07,0,0,0,0,0,0,0,0,1.92e+25,4.8e+24,1.2e+24,5.5e-10,220000
0,0,0,0,0,0,0,0,0,0,0,0,0,0,0,0,969.507,0,0,0,0,0,0,0,0,0,0,0,0,0,0,0,0,0,0,0,0,0,1.2e+18,0,0,2.48846e+07,0,0,0,0,0,0,0,0,1.92e+25,4.8e+24,1.2e+24,6e-10,240000
0,0,0,0,0,0,0,0,0,0,0,0,0,0,0,0,966.965,0,0,0,0,0,0,0,0,0,0,0,0,0,0,0,0,0,0,0,0,0,1.2e+18,0,0,2.69582e+07,0,0,0,0,0,0,0,0,1.92e+25,4.8e+24,1.2e+24,6.5e-10,260000
0,0,0,0,0,0,0,0,0,0,0,0,0,0,0,0,964.416,0,0,0,0,0,0,0,0,0,0,0,0,0,0,0,0,0,0,0,0,0,1.2e+18,0,0,2.90318e+07,0,0,0,0,0,0,0,0,1.92e+25,4.8e+24,1.2e+24,7e-10,280000
0,0,0,0,0,0,0,0,0,0,0,0,0,0,0,0,961.855,0,0,0,0,0,0,0,0,0,0,0,0,0,0,0,0,0,0,0,0,0,1.2e+18,0,0,3.11054e+07,0,0,0,0,0,0,0,0,1.92e+25,4.8e+24,1.2e+24,7.5e-10,300000
0,0,0,0,0,0,0,0,0,0,0,0,0,0,0,0,959.279,0,0,0,0,0,0,0,0,0,0,0,0,0,0,0,0,0,0,0,0,0,1.2e+18,0,0,3.31789e+07,0,0,0,0,0,0,0,0,1.92e+25,4.8e+24,1.2e+24,8e-10,320000
0,0,0,0,0,0,0,0,0,0,0,0,0,0,0,0,956.683,0,0,0,0,0,0,0,0,0,0,0,0,0,0,0,0,0,0,0,0,0,1.2e+18,0,0,3.52525e+07,0,0,0,0,0,0,0,0,1.92e+25,4.8e+24,1.2e+24,8.5e-10,340000
0,0,0,0,0,0,0,0,0,0,0,0,0,0,0,0,954.063,0,0,0,0,0,0,0,0,0,0,0,0,0,0,0,0,0,0,0,0,0,1.2e+18,0,0,3.7326e+07,0,0,0,0,0,0,0,0,1.92e+25,4.8e+24,1.2e+24,9e-10,360000
0,0,0,0,0,0,0,0,0,0,0,0,0,0,0,0,951.411,0,0,0,0,0,0,0,0,0,0,0,0,0,0,0,0,0,0,0,0,0,1.2e+18,0,0,3.93995e+07,0,0,0,0,0,0,0,0,1.92e+25,4.8e+24,1.2e+24,9.5e-10,380000
0,0,0,0,0,0,0,0,0,0,0,0,0,0,0,0,948.721,0,0,0,0,0,0,0,0,0,0,0,0,0,0,0,0,0,0,0,0,0,1.2e+18,0,0,4.1473e+07,0,0,0,0,0,0,0,0,1.92e+25,4.8e+24,1.2e+24,1e-09,400000
0,0,0,0,0,0,0,0,0,0,0,0,0,0,0,0,917.415,0,0,0,0,0,0,0,0,0,0,0,0,0,0,0,0,0,0,0,0,0,1.2e+18,0,0,6.22069e+07,0,0,0,0,0,0,0,0,1.92e+25,4.8e+24,1.2e+24,1.5e-09,600000
0,0,0,0,0,0,0,0,0,0,0,0,0,0,0,0,875.975,0,0,0,0,0,0,0,0,0,0,0,0,0,0,0,0,0,0,0,0,0,1.2e+18,0,0,8.29393e+07,0,0,0,0,0,0,0,0,1.92e+25,4.8e+24,1.2e+24,2e-09,800000
0,0,0,0,0,0,0,0,0,0,0,0,0,0,0,0,847.863,0,0,0,0,0,0,0,0,0,0,0,0,0,0,0,0,0,0,0,0,0,1.2e+18,0,0,1.0367e+08,0,0,0,0,0,0,0,0,1.92e+25,4.8e+24,1.2e+24,2.5e-09,1000000
0,0,0,0,0,0,0,0,0,0,0,0,0,0,0,0,836.371,0,0,0,0,0,0,0,0,0,0,0,0,0,0,0,0,0,18.977,0,0,0,1.2e+18,0,0,1.24399e+08,0,0,0,0,0,0,0,0,1.92e+25,4.8e+24,1.2e+24,3e-09,1200000
0,0,0,0,0,0,0,0,0,0,0,0,0,0,0,0,802.87,0,0,0,0,0,0,0,0,0,0,0,46.0912,442.75,147.999,0,0,1546.07,543.456,0,0,0,1.2e+18,0,0,1.45126e+08,0,0,0,0,0,0,0,0,1.92e+25,4.8e+24,1.2e+24,3.5e-09,1400000
0,243.906,0,18.6771,0,0,0,0,0,0,0,0,0,0,48.5068,0,1075.44,0,0,0,0,0,0,0,0,0,0,914.747,1063.49,3096.69,2035.54,416.402,919.228,14978.5,1637.97,0,0,0,1.2e+18,0,0,1.65852e+08,0,0,708.456,0,0,0,0,0,1.92e+25,4.8e+24,1.2e+24,4e-09,1600000
0,52881.1,0,3566.54,0,19730.9,51.4754,0,0,0,30.1075,0,0,189.261,10649.5,1624.53,85730.2,1252.3,1580.88,0,0,0,0,0,0,524.218,345.947,114074,21886.5,122230,89654.8,29259.1,114385,446027,22890,0,256.953,0,1.2e+18,0,0,1.86576e+08,0,357.913,36239.2,206.766,0,0,0,0,1.92e+25,4.8e+24,1.2e+24,4.5e-09,1800000
0,1.28848e+10,0,7.35426e+08,1.27413e+06,5.62646e+09,1.2457e+07,1.21736e+06,0,393.289,1.61035e+07,67136.6,0,7.97826e+07,1.75349e+09,1.28052e+08,2.07663e+10,1.68554e+08,1.96967e+08,743540,277317,0,0,42.7339,0,7.94625e+07,2.69007e+07,2.36489e+10,2.1034e+09,1.81512e+10,1.32862e+10,4.84279e+09,2.36801e+10,5.78399e+10,2.64238e+09,110203,2.92494e+07,112556,1.2e+18,0,0,2.07299e+08,0,4.52202e+07,5.25596e+09,1.69173e+07,0,0,0,0,1.92e+25,4.8e+24,1.2e+24,5e-09,2000000
471821,3.12155e+15,422687,2.07859e+14,1.64931e+11,1.23349e+15,4.28972e+12,2.7794e+11,3.78422,1.55914e+08,2.40188e+12,9.40281e+09,0,1.37248e+13,5.57771e+14,5.84724e+13,5.02645e+15,6.00762e+13,7.2509e+13,3.764e+11,1.44043e+11,19.1657,0,2.48969e+07,402.124,2.75335e+13,1.29226e+13,6.28418e+15,7.95357e+14,6.03683e+15,4.34173e+15,1.47009e+15,6.29646e+15,1.978e+16,9.53365e+14,5.4945e+10,1.17204e+13,5.70449e+10,1.2e+18,2.58057e+06,0,2.28019e+08,0,1.6708e+13,1.67512e+15,8.36169e+12,1210.82,0,0,5.43748e+06,1.92e+25,4.8e+24,1.2e+24,5.5e-09,2200000
1.99324e+09,2.13081e+17,1.0954e+10,1.8263e+16,7.83449e+11,9.627e+16,1.0925e+15,1.42765e+13,635709,5.03204e+10,1.99831e+13,5.96446e+10,9121.34,2.16738e+14,9.04126e+16,2.88233e+16,4.05652e+17,1.3204e+16,1.77521e+16,2.37904e+14,9.94103e+13,2.43634e+06,44.2574,1.22984e+10,649191,4.42498e+15,6.82398e+15,6.81844e+17,2.55441e+17,1.04746e+18,7.61108e+17,2.23677e+17,6.861e+17,4.29959e+18,2.41381e+17,3.60459e+13,4.14488e+15,3.63027e+13,1.2e+18,1.59858e+09,4865.95,2.48739e+08,0,5.26247e+15,3.27454e+17,4.27771e+15,1.49033e+08,49131.9,1.88214e+06,3.03903e+09,1.92e+25,4.8e+24,1.2e+24,6e-09,2400000
3.97039e+08,1.16766e+17,6.23904e+10,1.09806e+16,3.37425e+09,2.69133e+17,7.04387e+15,1.69453e+13,8.05589e+06,2.61156e+11,7.93117e+10,3.19754e+08,6261.91,1.45672e+13,1.28209e+17,1.64429e+17,5.60732e+17,3.2622e+16,5.39033e+16,1.82789e+15,8.68066e+14,4.59257e+07,4161.42,9.48982e+10,1.27397e+07,4.32898e+15,4.23115e+16,1.19108e+18,1.22668e+18,1.7285e+18,1.55813e+18,4.84149e+17,1.21426e+18,1.36616e+19,9.23589e+17,3.35433e+14,2.2639e+16,2.83654e+14,1.2e+18,1.39737e+10,64172.3,2.69456e+08,229.375,2.18509e+16,1.12262e+18,2.17842e+16,5.15343e+09,1.79993e+06,9.77931e+07,2.69129e+10,1.92e+25,4.8e+24,1.2e+24,6.5e-09,2600000
3.98865e+06,2.50284e+16,7.13224e+10,2.373e+15,4.87718e+08,3.57188e+17,1.74205e+16,1.71913e+13,1.13391e+07,4.71157e+11,3.57875e+07,636459,1054.64,6.24279e+11,4.72562e+16,2.51322e+17,5.43791e+17,2.10368e+16,5.98168e+16,3.47744e+15,2.00218e+15,1.22966e+08,15993.9,2.20851e+11,5.21339e+07,2.33687e+14,7.02485e+16,1.18782e+18,1.81796e+18,6.94363e+17,1.15577e+18,4.99495e+17,1.23295e+18,1.6742e+19,1.28284e+18,8.61386e+14,4.40825e+16,5.54897e+14,1.2e+18,3.44275e+10,220492,2.90172e+08,1214.86,2.63911e+16,1.6193e+18,2.85082e+16,2.15127e+10,7.25641e+06,5.25715e+08,7.19568e+10,1.92e+25,4.8e+24,1.2e+24,7e-09,2800000
550391,5.1764e+15,6.27102e+10,4.9079e+14,1.06554e+08,3.74794e+17,2.93204e+16,1.73131e+13,9.4936e+06,6.50201e+11,15758.4,2208.68,174.304,2.67503e+10,1.24574e+16,2.78322e+17,5.36922e+17,8.67698e+15,6.54366e+16,4.16169e+15,3.18702e+15,2.08469e+08,24770,3.56985e+11,1.17809e+08,1.48572e+12,8.21932e+16,1.16648e+18,1.99639e+18,2.09987e+17,7.88038e+17,4.98017e+17,1.23321e+18,1.76179e+19,1.34176e+18,1.4508e+15,6.52007e+16,6.9044e+14,1.2e+18,5.70813e+10,476562,3.10886e+08,3099.49,2.65009e+16,1.91164e+18,3.0216e+16,4.78682e+10,1.62188e+07,1.40719e+09,1.29364e+11,1.92e+25,4.8e+24,1.2e+24,7.5e-09,3000000
113848,1.07057e+15,5.19283e+10,1.01503e+14,2.25402e+07,3.70024e+17,4.13412e+16,1.74041e+13,7.26931e+06,8.15653e+11,7.55342,207.734,28.8021,1.14625e+09,2.92118e+15,2.85058e+17,5.19958e+17,3.47244e+15,8.13108e+16,4.28909e+15,4.54323e+15,2.91481e+08,28847.2,4.99911e+11,2.07044e+08,8.52936e+09,8.6961e+16,1.1455e+18,2.03775e+18,6.32432e+16,5.41332e+17,4.96534e+17,1.23345e+18,1.79984e+19,1.34852e+18,2.05174e+15,8.59392e+16,7.45144e+14,1.2e+18,8.05012e+10,830619,3.31599e+08,5937.15,2.65016e+16,2.09655e+18,3.17824e+16,8.15459e+10,2.85753e+07,2.78174e+09,1.94307e+11,1.92e+25,4.8e+24,1.2e+24,8e-09,3200000
23549.4,2.21404e+14,4.23569e+10,2.09918e+13,4.71622e+06,3.59877e+17,5.30891e+16,1.74873e+13,5.80406e+06,9.74849e+11,0.131952,42.4826,4.75834,4.91165e+07,6.48426e+14,2.86585e+17,4.96668e+17,1.38977e+15,1.03072e+17,4.199e+15,6.26589e+15,3.6456e+08,30564.7,6.51939e+11,3.25055e+08,4.89662e+07,8.88648e+16,1.1249e+18,2.03794e+18,1.90477e+16,3.75897e+17,4.95069e+17,1.23369e+18,1.82014e+19,1.3545e+18,2.65011e+15,1.06305e+17,7.67083e+14,1.2e+18,1.04286e+11,1.28088e+06,3.52309e+08,9749.79,2.65016e+16,2.21971e+18,3.33434e+16,1.20471e+11,4.42447e+07,4.65956e+09,2.6414e+11,1.92e+25,4.8e+24,1.2e+24,8.5e-09,3400000
4871.03,4.57872e+13,3.44177e+10,4.34117e+12,982440,3.48768e+17,6.44776e+16,1.75677e+13,4.97831e+06,1.12997e+12,0.026788,8.78464,0.785996,2.10462e+06,1.39788e+14,2.869e+17,4.80425e+17,5.56382e+14,1.17416e+17,4.02949e+15,8.3045e+15,4.3069e+08,31264.8,8.11617e+11,4.82932e+08,281110,8.96229e+16,1.10466e+18,2.02584e+18,5.73716e+15,2.64886e+17,4.93617e+17,1.23392e+18,1.83304e+19,1.36014e+18,3.24089e+15,1.26304e+17,7.75901e+14,1.2e+18,1.28283e+11,1.8256e+06,3.73019e+08,14548.8,2.65016e+16,2.30451e+18,3.48999e+16,1.6317e+11,6.31476e+07,7.03819e+09,3.37286e+11,1.92e+25,4.8e+24,1.2e+24,9e-09,3600000
1007.52,9.4688e+12,2.79395e+10,8.97754e+11,204221,3.37731e+17,7.54988e+16,1.7647e+13,4.5409e+06,1.28174e+12,0.00555337,1.81667,0.129828,90181,2.96394e+13,2.86948e+17,4.67798e+17,2.22915e+14,1.27932e+17,3.83537e+15,1.0525e+16,4.93747e+08,31546.1,9.76182e+11,6.93255e+08,1613.83,8.99226e+16,1.0848e+18,2.01015e+18,1.72836e+15,1.90317e+17,4.92172e+17,1.23415e+18,1.84233e+19,1.36552e+18,3.82235e+15,1.45943e+17,7.79461e+14,1.2e+18,1.52423e+11,2.46305e+06,3.93726e+08,20341.5,2.65016e+16,2.36442e+18,3.64517e+16,2.08604e+11,8.52066e+07,9.90926e+09,4.12739e+11,1.92e+25,4.8e+24,1.2e+24,9.5e-09,3800000
208.392,1.95815e+12,2.26751e+10,1.85656e+11,42402.3,3.26991e+17,8.61609e+16,1.7726e+13,4.31806e+06,1.43046e+12,0.00114985,0.375687,0.0214447,3864.18,6.22337e+12,2.86939e+17,4.56009e+17,8.94953e+13,1.37461e+17,3.63821e+15,1.28807e+16,5.53381e+08,31658,1.1447e+12,9.68875e+08,9.26483,9.00389e+16,1.06529e+18,1.99347e+18,5.21003e+14,1.40152e+17,4.9073e+17,1.23437e+18,1.84961e+19,1.37072e+18,4.39408e+15,1.6523e+17,7.80911e+14,1.2e+18,1.7667e+11,3.19156e+06,4.14432e+08,27132.8,2.65016e+16,2.40783e+18,3.7999e+16,2.56046e+11,1.10345e+08,1.32621e+10,4.89843e+11,1.92e+25,4.8e+24,1.2e+24,1e-08,4000000
0,251187,2.80277e+09,25009.6,0.00549438,2.33006e+17,1.79222e+17,1.8523e+13,4.45303e+06,2.78128e+12,0,0,0,0,828202,2.86718e+17,3.53431e+17,8.25672e+11,2.10668e+17,2.09789e+15,4.27013e+16,9.87447e+08,31718.8,3.0066e+12,1.05695e+10,0,9.0066e+16,8.88393e+17,1.82979e+18,5.69146e+11,3.51291e+16,4.75732e+17,1.2364e+18,1.89195e+19,1.41806e+18,9.83315e+15,3.40096e+17,7.82198e+14,1.19999e+18,4.35103e+11,1.57375e+07,6.31854e+08,159534,2.65016e+16,2.57002e+18,5.39814e+16,8.06228e+11,5.35548e+08,7.41543e+10,1.34072e+12,1.92e+25,4.8e+24,1.2e+24,1.5e-08,4002000
0,9.50582,3.46805e+08,0.896418,0,1.66482e+17,2.44909e+17,1.93739e+13,4.66281e+06,3.9483e+12,0,0,0,0,8.07156,2.86521e+17,2.73629e+17,1.10207e+12,2.57276e+17,1.20946e+15,7.57938e+16,1.11154e+09,31709,5.09235e+12,4.20155e+10,0,9.00216e+16,7.40939e+17,1.67945e+18,4.76882e+11,2.78186e+16,4.61115e+17,1.2381e+18,1.92362e+19,1.46089e+18,1.46893e+16,4.85859e+17,7.82548e+14,1.19999e+18,6.98268e+11,3.61098e+07,8.48984e+08,404940,2.65016e+16,2.65236e+18,6.94664e+16,1.40297e+12,1.2062e+09,1.77018e+11,2.2267e+12,1.92e+25,4.8e+24,1.2e+24,2e-08,4004000
0,1.17359,4.29141e+07,0.110651,0,1.19352e+17,2.91314e+17,2.03065e+13,4.89134e+06,4.99035e+12,0,0,0,0,0.986633,2.86346e+17,2.11658e+17,1.32919e+12,2.87224e+17,6.99414e+14,1.07463e+17,1.08389e+09,31703,7.31863e+12,1.05494e+11,0,8.99846e+16,6.17958e+17,1.54146e+18,4.01737e+11,2.31705e+16,4.46877e+17,1.23951e+18,1.9516e+19,1.50013e+18,1.92325e+16,6.07429e+17,7.8292e+14,1.19998e+18,9.65557e+11,6.29938e+07,1.06593e+09,765308,2.65016e+16,2.7201e+18,8.44747e+16,2.03424e+12,2.06528e+09,3.16727e+11,3.13792e+12,1.92e+25,4.8e+24,1.2e+24,2.5e-08,4006000
0,0.145365,5.31039e+06,0.0137057,0,8.59525e+16,3.24097e+17,2.13281e+13,5.14091e+06,5.94411e+12,0,0,0,0,0.12221,2.86189e+17,1.63618e+17,1.51008e+12,3.06652e+17,4.06968e+14,1.35624e+17,9.82561e+08,31699.8,9.63317e+12,2.06296e+11,0,8.99528e+16,5.1539e+17,1.41481e+18,3.38432e+11,1.93219e+16,4.33022e+17,1.24069e+18,1.97645e+19,1.53609e+18,2.36159e+16,7.08821e+17,7.83304e+14,1.19998e+18,1.23652e+12,9.52897e+07,1.2827e+09,1.24232e+06,2.65016e+16,2.77662e+18,9.90186e+16,2.69496e+12,3.06682e+09,4.88595e+11,4.07014e+12,1.92e+25,4.8e+24,1.2e+24,3e-08,4008000
0,0.018003,657147,0.00169741,0,6.22769e+16,3.4725e+17,2.24364e+13,5.41133e+06,6.83505e+12,0,0,0,0,0.0151354,2.86045e+17,1.26424e+17,1.65423e+12,3.19388e+17,2.39601e+14,1.5961e+17,8.52679e+08,31698.9,1.20034e+13,3.45599e+11,0,8.99251e+16,4.29846e+17,1.29856e+18,2.85104e+11,1.61137e+16,4.1955e+17,1.24167e+18,1.99857e+19,1.56905e+18,2.79253e+16,7.93385e+17,7.8369e+14,1.19997e+18,1.51075e+12,1.3208e+08,1.49928e+09,1.83748e+06,2.65016e+16,2.82378e+18,1.13111e+17,3.38077e+12,4.17386e+09,6.8829e+11,5.0199e+12,1.92e+25,4.8e+24,1.2e+24,3.5e-08,4010000
0,0,81321.5,0,0,4.54913e+16,3.63593e+17,2.36246e+13,5.70113e+06,7.68118e+12,0,0,0,0,0,2.85911e+17,9.76548e+16,1.76921e+12,3.2783e+17,1.44073e+14,1.79481e+17,7.19127e+08,31699.6,1.44089e+13,5.21783e+11,0,8.99002e+16,3.58501e+17,1.19187e+18,2.40178e+11,1.34385e+16,4.06458e+17,1.24248e+18,2.0183e+19,1.59927e+18,3.22081e+16,8.63914e+17,7.84074e+14,1.19997e+18,1.78793e+12,1.726e+08,1.71568e+09,2.55214e+06,2.65016e+16,2.86316e+18,1.26764e+17,4.0879e+12,5.35681e+09,9.11891e+11,5.9843e+12,1.92e+25,4.8e+24,1.2e+24,4e-08,4012000
0,0,10063.6,0,0,3.35886e+16,3.75118e+17,2.48839e+13,6.00831e+06,8.49525e+12,0,0,0,0,0,2.85785e+17,7.54168e+16,1.86106e+12,3.33488e+17,8.9757e+13,1.95633e+17,5.94624e+08,31701.6,1.68368e+13,7.31625e+11,0,8.98775e+16,2.98998e+17,1.09394e+18,2.02332e+11,1.12077e+16,3.93743e+17,1.24316e+18,2.03591e+19,1.62698e+18,3.64898e+16,9.22736e+17,7.84453e+14,1.19996e+18,2.06774e+12,2.16212e+08,1.93189e+09,3.3875e+06,2.65016e+16,2.89603e+18,1.39991e+17,4.81308e+12,6.59199e+09,1.15592e+12,6.96092e+12,1.92e+25,4.8e+24,1.2e+24,4.5e-08,4014000
0,0,1245.4,0,0,2.51474e+16,3.83233e+17,2.62054e+13,6.3307e+06,9.28632e+12,0,0,0,0,0,2.85665e+17,5.82363e+16,1.93459e+12,3.37322e+17,5.90427e+13,2.08585e+17,4.84778e+08,31704.6,1.92788e+13,9.71173e+11,0,8.98565e+16,2.4937e+17,1.00406e+18,1.7045e+11,9.34728e+15,3.81399e+17,1.24373e+18,2.05166e+19,1.65239e+18,4.07837e+16,9.71796e+17,7.84825e+14,1.19996e+18,2.34993e+12,2.62384e+08,2.14793e+09,4.34463e+06,2.65016e+16,2.92348e+18,1.52803e+17,5.55351e+12,7.86054e+09,1.41733e+12,7.94776e+12,1.92e+25,4.8e+24,1.2e+24,5e-08,4016000
0,0,154.122,0,0,1.91604e+16,3.88934e+17,2.75803e+13,6.6662e+06,1.00608e+13,0,0,0,0,0,2.8555e+17,4.49681e+16,1.99357e+12,3.39943e+17,4.18122e+13,2.18868e+17,3.91185e+08,31708.3,2.17297e+13,1.23632e+12,0,8.98366e+16,2.0798e+17,9.21565e+17,1.43591e+11,7.79577e+15,3.69419e+17,1.2442e+18,2.06576e+19,1.67569e+18,4.5096e+16,1.01271e+18,7.8519e+14,1.19995e+18,2.63426e+12,3.10672e+08,2.36378e+09,5.42453e+06,2.65016e+16,2.9464e+18,1.65214e+17,6.30681e+12,9.14746e+09,1.69346e+12,8.94313e+12,1.92e+25,4.8e+24,1.2e+24,5.5e-08,4018000
0,0,19.0732,0,0,1.49135e+16,3.92927e+17,2.90008e+13,7.01288e+06,1.08233e+13,0,0,0,0,0,2.85439e+17,3.4724e+16,2.04102e+12,3.4175e+17,3.22583e+13,2.26968e+17,3.13318e+08,31712.6,2.41861e+13,1.52316e+12,0,8.98177e+16,1.7346e+17,8.45848e+17,1.20965e+11,6.50183e+15,3.57797e+17,1.24459e+18,2.0784e+19,1.69705e+18,4.94291e+16,1.04684e+18,7.85548e+14,1.19995e+18,2.92052e+12,3.60705e+08,2.57946e+09,6.62807e+06,2.65016e+16,2.96555e+18,1.77234e+17,7.07094e+12,1.04409e+10,1.98205e+12,9.94563e+12,1.92e+25,4.8e+24,1.2e+24,6e-08,4020000
0,0,2.36039,0,0,1.19008e+16,3.95711e+17,3.04597e+13,7.36901e+06,1.1577e+13,0,0,0,0,0,2.85331e+17,2.68165e+16,2.0793e+12,3.43001e+17,2.70538e+13,2.3331e+17,2.49635e+08,31717.4,2.66458e+13,1.82812e+12,0,8.97995e+16,1.4467e+17,7.76351e+17,1.01904e+11,5.42268e+15,3.46525e+17,1.24492e+18,2.08975e+19,1.71665e+18,5.37833e+16,1.0753e+18,7.85899e+14,1.19994e+18,3.20854e+12,4.12177e+08,2.79495e+09,7.95605e+06,2.65016e+16,2.98155e+18,1.88876e+17,7.84419e+12,1.17316e+10,2.28115e+12,1.09541e+13,1.92e+25,4.8e+24,1.2e+24,6.5e-08,4022000
0,0,0.292111,0,0,9.76327e+15,3.97639e+17,3.19508e+13,7.73306e+06,1.23243e+13,0,0,0,0,0,2.85224e+17,2.07134e+16,2.1103e+12,3.43868e+17,2.42962e+13,2.3825e+17,1.98214e+08,31722.5,2.91073e+13,2.1481e+12,0,8.97818e+16,1.20658e+17,7.12564e+17,8.58468e+10,4.52266e+15,3.35594e+17,1.24519e+18,2.09995e+19,1.73462e+18,5.81578e+16,1.09904e+18,7.86245e+14,1.19994e+18,3.49815e+12,4.64828e+08,3.01026e+09,9.40919e+06,2.65016e+16,2.99492e+18,2.00151e+17,8.62511e+12,1.30121e+10,2.58908e+12,1.19675e+13,1.92e+25,4.8e+24,1.2e+24,7e-08,4024000
0,0,0.0361503,0,0,8.24658e+15,3.9896e+17,3.34688e+13,8.10372e+06,1.30667e+13,0,0,0,0,0,2.8512e+17,1.60035e+16,2.13548e+12,3.44464e+17,2.29014e+13,2.42082e+17,1.571e+08,31727.9,3.15695e+13,2.48041e+12,0,8.97645e+16,1.00632e+17,6.54019e+17,7.23196e+10,3.77203e+15,3.24996e+17,1.24542e+18,2.10912e+19,1.75111e+18,6.25514e+16,1.11884e+18,7.86584e+14,1.19993e+18,3.78919e+12,5.18445e+08,3.22538e+09,1.09881e+07,2.65016e+16,3.0061e+18,2.1107e+17,9.41247e+12,1.42769e+10,2.90445e+12,1.29851e+13,1.92e+25,4.8e+24,1.2e+24,7.5e-08,4026000
0,0,0.0044738,0,0,7.17022e+15,3.99853e+17,3.50092e+13,8.47986e+06,1.38054e+13,0,0,0,0,0,2.85017e+17,1.23691e+16,2.15602e+12,3.44869e+17,2.22541e+13,2.45042e+17,1.24483e+08,31733.6,3.40319e+13,2.82281e+12,0,8.97476e+16,8.3929e+16,6.00284e+17,6.0924e+10,3.14599e+15,3.14724e+17,1.2456e+18,2.11737e+19,1.76623e+18,6.69626e+16,1.13536e+18,7.86919e+14,1.19993e+18,4.08156e+12,5.72849e+08,3.44033e+09,1.26935e+07,2.65016e+16,3.01545e+18,2.21644e+17,1.02052e+13,1.55217e+10,3.22606e+12,1.40061e+13,1.92e+25,4.8e+24,1.2e+24,8e-08,4028000
0,0,0,0,0,6.40622e+15,4.00442e+17,3.65681e+13,8.86053e+06,1.45413e+13,0,0,0,0,0,2.84915e+17,9.5647e+15,2.17283e+12,3.45136e+17,2.20076e+13,2.47319e+17,9.87723e+07,31739.4,3.64938e+13,3.1734e+12,0,8.97309e+16,6.99988e+16,5.50963e+17,5.13241e+10,2.62386e+15,3.04768e+17,1.24576e+18,2.1248e+19,1.78011e+18,7.13899e+16,1.14913e+18,7.8725e+14,1.19992e+18,4.37512e+12,6.2789e+08,3.6551e+09,1.45258e+07,2.65016e+16,3.02326e+18,2.31883e+17,1.10026e+13,1.67431e+10,3.55291e+12,1.50301e+13,1.92e+25,4.8e+24,1.2e+24,8.5e-08,4030000
0,0,0,0,0,5.86378e+15,4.00817e+17,3.81422e+13,9.24492e+06,1.52749e+13,0,0,0,0,0,2.84814e+17,7.40086e+15,2.18665e+12,3.45303e+17,2.19682e+13,2.49063e+17,7.86137e+07,31745.4,3.8955e+13,3.53063e+12,0,8.97144e+16,5.83807e+16,5.05696e+17,4.32368e+10,2.18839e+15,2.95119e+17,1.24589e+18,2.13149e+19,1.79284e+18,7.58319e+16,1.16062e+18,7.87577e+14,1.19992e+18,4.66977e+12,6.83445e+08,3.86968e+09,1.64856e+07,2.65016e+16,3.02981e+18,2.41799e+17,1.18037e+13,1.79387e+10,3.88414e+12,1.60565e+13,1.92e+25,4.8e+24,1.2e+24,9e-08,4032000
0,0,0,0,0,5.47852e+15,4.0104e+17,3.97287e+13,9.63234e+06,1.60066e+13,0,0,0,0,0,2.84714e+17,5.73131e+15,2.19805e+12,3.45396e+17,2.2029e+13,2.50392e+17,6.28829e+07,31751.5,4.14153e+13,3.89323e+12,0,8.96981e+16,4.8691e+16,4.64147e+17,3.64239e+10,1.8252e+15,2.85771e+17,1.24599e+18,2.13752e+19,1.80452e+18,8.02871e+16,1.1702e+18,7.87901e+14,1.19992e+18,4.96543e+12,7.39409e+08,4.08409e+09,1.85733e+07,2.65016e+16,3.03528e+18,2.51401e+17,1.26081e+13,1.91068e+10,4.21905e+12,1.70849e+13,1.92e+25,4.8e+24,1.2e+24,9.5e-08,4034000
0,0,0,0,0,5.20475e+15,4.01155e+17,4.13253e+13,1.00222e+07,1.67368e+13,0,0,0,0,0,2.84614e+17,4.44314e+15,2.20749e+12,3.45435e+17,2.21324e+13,2.51399e+17,5.06608e+07,31757.8,4.38745e+13,4.26014e+12,0,8.96819e+16,4.06095e+16,4.26012e+17,3.06845e+10,1.52228e+15,2.76713e+17,1.24608e+18,2.14296e+19,1.81523e+18,8.47542e+16,1.17819e+18,7.88222e+14,1.19991e+18,5.262e+12,7.95696e+08,4.29831e+09,2.07892e+07,2.65016e+16,3.03987e+18,2.60698e+17,1.34151e+13,2.02463e+10,4.55703e+12,1.8115e+13,1.92e+25,4.8e+24,1.2e+24,1e-07,4036000
0,0,0,0,0,4.87152e+15,4.0118e+17,4.45413e+13,1.08075e+07,1.81933e+13,0,0,0,0,0,2.84415e+17,2.68237e+15,2.22186e+12,3.454e+17,2.23612e+13,2.52719e+17,3.39212e+07,31770.4,4.87891e+13,5.00364e+12,0,8.96499e+16,2.8248e+16,3.58885e+17,2.17764e+10,1.05894e+15,2.59438e+17,1.24621e+18,2.15228e+19,1.83408e+18,9.37199e+16,1.19042e+18,7.88859e+14,1.1999e+18,5.85758e+12,9.08963e+08,4.72622e+09,2.56076e+07,2.65016e+16,3.04694e+18,2.78418e+17,1.50357e+13,2.24364e+10,5.2403e+12,2.01793e+13,1.92e+25,4.8e+24,1.2e+24,1.1e-07,4040000
0,0,0,0,0,4.53214e+15,4.00052e+17,6.07955e+13,1.47758e+07,2.54172e+13,0,0,0,0,0,2.83433e+17,2.85016e+14,2.24905e+12,3.44393e+17,2.29519e+13,2.53825e+17,1.30787e+07,31836.3,7.32738e+13,8.80228e+12,0,8.94932e+16,4.60065e+15,1.52273e+17,3.92031e+09,1.72525e+14,1.87877e+17,1.24643e+18,2.1781e+19,1.89203e+18,1.3896e+17,1.21382e+18,7.91973e+14,1.19985e+18,8.87037e+12,1.47896e+09,6.855e+09,5.7501e+07,2.65017e+16,3.06101e+18,3.51729e+17,2.32064e+13,3.16397e+10,8.73066e+12,3.05423e+13,1.92e+25,4.8e+24,1.2e+24,1.6e-07,4060000
0,0,0,0,0,4.50587e+15,3.98643e+17,7.70135e+13,1.87341e+07,3.25572e+13,0,0,0,0,0,2.82461e+17,1.04392e+14,2.24942e+12,3.43117e+17,2.3079e+13,2.53023e+17,1.46235e+07,31904,9.76031e+13,1.26187e+13,0,8.93393e+16,7.49487e+14,6.46087e+16,7.05761e+08,2.81312e+13,1.36104e+17,1.24642e+18,2.18594e+19,1.91657e+18,1.84523e+17,1.21765e+18,7.9505e+14,1.19981e+18,1.19175e+13,2.04334e+09,8.96594e+09,1.02531e+08,2.65017e+16,3.06386e+18,4.04822e+17,3.14175e+13,3.83443e+10,1.22602e+13,4.09282e+13,1.92e+25,4.8e+24,1.2e+24,2.1e-07,4080000
0,0,0,0,0,4.48968e+15,3.97236e+17,9.30731e+13,2.26533e+07,3.96164e+13,0,0,0,0,0,2.81495e+17,8.9956e+13,2.24169e+12,3.4183e+17,2.30934e+13,2.52084e+17,1.78471e+07,31972.1,1.21776e+14,1.64141e+13,0,8.91869e+16,1.22182e+14,2.74133e+16,1.27057e+08,4.59674e+12,9.87522e+16,1.24637e+18,2.18655e+19,1.92698e+18,2.30162e+17,1.2183e+18,7.98116e+14,1.19976e+18,1.49825e+13,2.59784e+09,1.10592e+10,1.60805e+08,2.65017e+16,3.06477e+18,4.43309e+17,3.96402e+13,4.31878e+10,1.57968e+13,5.13191e+13,1.92e+25,4.8e+24,1.2e+24,2.6e-07,4100000
0,0,0,0,0,4.47386e+15,3.95838e+17,1.08957e+14,2.6529e+07,4.65959e+13,0,0,0,0,0,2.80537e+17,8.82732e+13,2.23088e+12,3.40549e+17,2.30692e+13,2.5114e+17,2.11764e+07,32040.3,1.45795e+14,2.01833e+13,0,8.90353e+16,1.99534e+13,1.16314e+16,2.28738e+07,7.55307e+11,7.18471e+16,1.24632e+18,2.18416e+19,1.93138e+18,2.75777e+17,1.21842e+18,8.01171e+14,1.19972e+18,1.80588e+13,3.14192e+09,1.31349e+10,2.32383e+08,2.65017e+16,3.06532e+18,4.71267e+17,4.78689e+13,4.66832e+10,1.93351e+13,6.17119e+13,1.92e+25,4.8e+24,1.2e+24,3.1e-07,4120000
0,0,0,0,0,4.45814e+15,3.9445e+17,1.24663e+14,3.03613e+07,5.3497e+13,0,0,0,0,0,2.79584e+17,8.77291e+13,2.21885e+12,3.39277e+17,2.30297e+13,2.50202e+17,2.44953e+07,32108.3,1.6966e+14,2.39258e+13,0,8.88844e+16,3.27354e+12,4.93517e+15,4.11793e+06,1.25919e+11,5.24839e+16,1.24627e+18,2.18051e+19,1.93324e+18,3.21326e+17,1.21847e+18,8.04216e+14,1.19967e+18,2.11433e+13,3.67566e+09,1.51932e+10,3.17306e+08,2.65017e+16,3.06579e+18,4.91645e+17,5.61023e+13,4.92072e+10,2.28742e+13,7.21059e+13,1.92e+25,4.8e+24,1.2e+24,3.6e-07,4140000
0,0,0,0,0,4.4425e+15,3.93072e+17,1.40195e+14,3.41506e+07,6.03208e+13,0,0,0,0,0,2.78639e+17,8.7378e+13,2.20636e+12,3.38015e+17,2.2984e+13,2.49271e+17,2.77949e+07,32176.2,1.93374e+14,2.76416e+13,0,8.87341e+16,5.43427e+11,2.09398e+15,741345,2.17983e+10,3.85548e+16,1.24622e+18,2.17634e+19,1.93402e+18,3.66791e+17,1.21849e+18,8.07248e+14,1.19963e+18,2.42347e+13,4.19926e+09,1.72343e+10,4.15603e+08,2.65017e+16,3.06624e+18,5.06568e+17,6.43394e+13,5.10323e+10,2.64139e+13,8.25011e+13,1.92e+25,4.8e+24,1.2e+24,4.1e-07,4160000
0,0,0,0,0,4.42697e+15,3.91703e+17,1.55555e+14,3.78975e+07,6.70684e+13,0,0,0,0,0,2.77699e+17,8.71077e+13,2.19374e+12,3.3676e+17,2.29359e+13,2.48346e+17,3.10745e+07,32243.9,2.16938e+14,3.13311e+13,0,8.85843e+16,9.29434e+10,8.88471e+14,133463,4.15271e+09,2.85365e+16,1.24616e+18,2.17195e+19,1.93435e+18,4.12165e+17,1.21852e+18,8.10269e+14,1.19959e+18,2.73324e+13,4.71288e+09,1.92583e+10,5.27303e+08,2.65017e+16,3.06668e+18,5.17569e+17,7.258e+13,5.23548e+10,2.99542e+13,9.28974e+13,1.92e+25,4.8e+24,1.2e+24,4.6e-07,4180000
0,0,0,0,0,4.41155e+15,3.90343e+17,1.70745e+14,4.16026e+07,7.37409e+13,0,0,0,0,0,2.76766e+17,8.68865e+13,2.18112e+12,3.35515e+17,2.2887e+13,2.47428e+17,3.43341e+07,32311.4,2.40353e+14,3.49946e+13,0,8.84349e+16,1.70887e+10,3.76976e+14,24027.2,9.8677e+08,2.1331e+16,1.24611e+18,2.16747e+19,1.93448e+18,4.57446e+17,1.21854e+18,8.13278e+14,1.19954e+18,3.0436e+13,5.21673e+09,2.12653e+10,6.52432e+08,2.65017e+16,3.06711e+18,5.25747e+17,8.08237e+13,5.33159e+10,3.3495e+13,1.03295e+14,1.92e+25,4.8e+24,1.2e+24,5.1e-07,4200000
0,0,0,0,0,4.39622e+15,3.88992e+17,1.85767e+14,4.52665e+07,8.03394e+13,0,0,0,0,0,2.75839e+17,8.6698e+13,2.16856e+12,3.34278e+17,2.28379e+13,2.46516e+17,3.75736e+07,32378.6,2.63621e+14,3.86322e+13,0,8.82859e+16,3.68448e+09,1.5995e+14,4325.59,3.47285e+08,1.61476e+16,1.24605e+18,2.16296e+19,1.93453e+18,5.02631e+17,1.21857e+18,8.16275e+14,1.1995e+18,3.35452e+13,5.71099e+09,2.32555e+10,7.91012e+08,2.65017e+16,3.06754e+18,5.31896e+17,8.90704e+13,5.40171e+10,3.70364e+13,1.13693e+14,1.92e+25,4.8e+24,1.2e+24,5.6e-07,4220000
0,0,0,0,0,4.381e+15,3.87651e+17,2.00624e+14,4.88898e+07,8.68648e+13,0,0,0,0,0,2.74919e+17,8.65319e+13,2.15608e+12,3.3305e+17,2.27891e+13,2.4561e+17,4.07932e+07,32445.6,2.86744e+14,4.22443e+13,0,8.81373e+16,1.06188e+09,6.78666e+13,778.732,1.90603e+08,1.24177e+16,1.246e+18,2.15844e+19,1.93454e+18,5.47722e+17,1.21859e+18,8.1926e+14,1.19946e+18,3.66598e+13,6.19585e+09,2.5229e+10,9.43067e+08,2.65017e+16,3.06796e+18,5.36584e+17,9.73198e+13,5.45315e+10,4.05784e+13,1.24092e+14,1.92e+25,4.8e+24,1.2e+24,6.1e-07,4240000
0,0,0,0,0,4.36589e+15,3.86319e+17,2.15318e+14,5.24731e+07,9.33183e+13,0,0,0,0,0,2.74004e+17,8.63817e+13,2.14369e+12,3.31831e+17,2.27406e+13,2.44711e+17,4.3993e+07,32512.4,3.09722e+14,4.58311e+13,0,8.79891e+16,4.54108e+08,2.87957e+13,140.194,1.42776e+08,9.73231e+15,1.24595e+18,2.15393e+19,1.93454e+18,5.92717e+17,1.21862e+18,8.22234e+14,1.19941e+18,3.97798e+13,6.67147e+09,2.7186e+10,1.10862e+09,2.65017e+16,3.06838e+18,5.40221e+17,1.05572e+14,5.49116e+10,4.41209e+13,1.34493e+14,1.92e+25,4.8e+24,1.2e+24,6.6e-07,4260000
0,0,0,0,0,4.35087e+15,3.84995e+17,2.29852e+14,5.6017e+07,9.97008e+13,0,0,0,0,0,2.73096e+17,8.62428e+13,2.1314e+12,3.3062e+17,2.26924e+13,2.43818e+17,4.71731e+07,32578.9,3.32557e+14,4.93929e+13,0,8.78413e+16,2.84092e+08,1.2218e+13,25.239,1.25481e+08,7.7976e+15,1.2459e+18,2.14942e+19,1.93453e+18,6.37616e+17,1.21864e+18,8.25195e+14,1.19937e+18,4.29049e+13,7.13804e+09,2.91266e+10,1.28769e+09,2.65017e+16,3.0688e+18,5.43102e+17,1.13826e+14,5.51949e+10,4.7664e+13,1.44894e+14,1.92e+25,4.8e+24,1.2e+24,7.1e-07,4280000
0,0,0,0,0,4.33596e+15,3.83681e+17,2.44228e+14,5.95219e+07,1.06013e+14,0,0,0,0,0,2.72194e+17,8.6112e+13,2.1192e+12,3.29417e+17,2.26445e+13,2.42931e+17,5.03337e+07,32645.1,3.5525e+14,5.29299e+13,0,8.76938e+16,2.3172e+08,5.18406e+12,4.54376,1.18581e+08,6.40232e+15,1.24584e+18,2.14492e+19,1.93452e+18,6.82421e+17,1.21867e+18,8.28145e+14,1.19933e+18,4.6035e+13,7.59573e+09,3.10509e+10,1.4803e+09,2.65017e+16,3.06922e+18,5.45436e+17,1.22083e+14,5.54087e+10,5.12076e+13,1.55296e+14,1.92e+25,4.8e+24,1.2e+24,7.6e-07,4300000
0,0,0,0,0,4.32114e+15,3.82375e+17,2.58447e+14,6.29884e+07,1.12257e+14,0,0,0,0,0,2.71298e+17,8.59871e+13,2.10709e+12,3.28222e+17,2.25971e+13,2.4205e+17,5.3475e+07,32711.2,3.77803e+14,5.64424e+13,0,8.75467e+16,2.18064e+08,2.19959e+12,0.818009,1.15673e+08,5.39468e+15,1.24579e+18,2.14043e+19,1.93451e+18,7.27131e+17,1.21869e+18,8.31083e+14,1.19929e+18,4.91699e+13,8.04471e+09,3.29591e+10,1.68647e+09,2.65017e+16,3.06964e+18,5.47377e+17,1.30343e+14,5.55724e+10,5.47518e+13,1.657e+14,1.92e+25,4.8e+24,1.2e+24,8.1e-07,4320000
0,0,0,0,0,4.30642e+15,3.81078e+17,2.72513e+14,6.64171e+07,1.18432e+14,0,0,0,0,0,2.70407e+17,8.58665e+13,2.09508e+12,3.27036e+17,2.25499e+13,2.41176e+17,5.65971e+07,32776.9,4.00217e+14,5.99307e+13,0,8.73999e+16,2.18925e+08,9.33281e+11,0.147265,1.14389e+08,4.66562e+15,1.24574e+18,2.13595e+19,1.93449e+18,7.71746e+17,1.21872e+18,8.3401e+14,1.19924e+18,5.23095e+13,8.48514e+09,3.48513e+10,1.90622e+09,2.65017e+16,3.07005e+18,5.49034e+17,1.38605e+14,5.56999e+10,5.82966e+13,1.76104e+14,1.92e+25,4.8e+24,1.2e+24,8.6e-07,4340000
0,0,0,0,0,4.2918e+15,3.79789e+17,2.86426e+14,6.98086e+07,1.24541e+14,0,0,0,0,0,2.69523e+17,8.57492e+13,2.08317e+12,3.25858e+17,2.25032e+13,2.40307e+17,5.97002e+07,32842.5,4.22494e+14,6.33949e+13,0,8.72535e+16,2.25557e+08,3.9599e+11,0.0265121,1.13782e+08,4.13678e+15,1.24568e+18,2.13148e+19,1.93448e+18,8.16267e+17,1.21874e+18,8.36926e+14,1.1992e+18,5.54537e+13,8.91719e+09,3.67277e+10,2.13957e+09,2.65017e+16,3.07046e+18,5.50484e+17,1.46869e+14,5.58015e+10,6.18418e+13,1.86509e+14,1.92e+25,4.8e+24,1.2e+24,9.1e-07,4360000
0,0,0,0,0,4.27728e+15,3.78509e+17,3.0019e+14,7.31632e+07,1.30583e+14,0,0,0,0,0,2.68644e+17,8.56343e+13,2.07134e+12,3.24688e+17,2.24568e+13,2.39444e+17,6.27844e+07,32907.7,4.44634e+14,6.68353e+13,0,8.71075e+16,2.34503e+08,1.68018e+11,0.00477295,1.1346e+08,3.75183e+15,1.24563e+18,2.12701e+19,1.93447e+18,8.60694e+17,1.21877e+18,8.3983e+14,1.19916e+18,5.86023e+13,9.34102e+09,3.85883e+10,2.38653e+09,2.65017e+16,3.07087e+18,5.51784e+17,1.55136e+14,5.58842e+10,6.53877e+13,1.96916e+14,1.92e+25,4.8e+24,1.2e+24,9.6e-07,4380000
0,0,0,0,0,4.26285e+15,3.77238e+17,3.13807e+14,7.64815e+07,1.3656e+14,0,0,0,0,0,2.67771e+17,8.55213e+13,2.05961e+12,3.23526e+17,2.24107e+13,2.38587e+17,6.585e+07,32972.8,4.6664e+14,7.02522e+13,0,8.69617e+16,2.44339e+08,7.12898e+10,0,1.13259e+08,3.47033e+15,1.24558e+18,2.12256e+19,1.93445e+18,9.05026e+17,1.21879e+18,8.42723e+14,1.19912e+18,6.17552e+13,9.75678e+09,4.04333e+10,2.64713e+09,2.65017e+16,3.07127e+18,5.52975e+17,1.63404e+14,5.59532e+10,6.8934e+13,2.07323e+14,1.92e+25,4.8e+24,1.2e+24,1.01e-06,4400000
0,0,0,0,0,4.12363e+15,3.64967e+17,4.42286e+14,1.07776e+08,1.92934e+14,0,0,0,0,0,2.59344e+17,8.4442e+13,1.94709e+12,3.12327e+17,2.19686e+13,2.30329e+17,9.55168e+07,33608.8,6.79534e+14,1.03177e+14,0,8.5523e+16,3.42256e+08,1.34818e+07,0,1.12031e+08,2.65215e+15,1.24506e+18,2.07855e+19,1.93433e+18,1.34323e+18,1.21905e+18,8.71056e+14,1.19871e+18,9.34924e+13,1.35031e+10,5.8054e+10,6.00659e+09,2.65017e+16,3.07521e+18,5.62577e+17,2.46215e+14,5.63692e+10,1.04427e+14,3.11448e+14,1.92e+25,4.8e+24,1.2e+24,1.51e-06,4600000
0,0,0,0,0,3.99301e+15,3.53454e+17,5.58041e+14,1.35943e+08,2.43684e+14,0,0,0,0,0,2.51435e+17,8.34108e+13,1.84274e+12,3.01846e+17,2.15573e+13,2.226e+17,1.23496e+08,34218.2,8.80216e+14,1.33988e+14,0,8.41165e+16,4.28435e+08,2549.64,0,1.10774e+08,2.4737e+15,1.24454e+18,2.03546e+19,1.9342e+18,1.77225e+18,1.21932e+18,8.98357e+14,1.19833e+18,1.25527e+14,1.65943e+10,7.42517e+10,1.07452e+10,2.65017e+16,3.07895e+18,5.7101e+17,3.2924e+14,5.6673e+10,1.39972e+14,4.15664e+14,1.92e+25,4.8e+24,1.2e+24,2.01e-06,4800000
0,0,0,0,0,3.87022e+15,3.4263e+17,6.62645e+14,1.61372e+08,2.89507e+14,0,0,0,0,0,2.43996e+17,8.24162e+13,1.7458e+12,2.92017e+17,2.11733e+13,2.15352e+17,1.49931e+08,34800.3,1.06973e+15,1.6288e+14,0,8.27404e+16,5.03992e+08,0.482187,0,1.0944e+08,2.33177e+15,1.24403e+18,1.99329e+19,1.93408e+18,2.1923e+18,1.2196e+18,9.24701e+14,1.19795e+18,1.57757e+14,1.91451e+10,8.91407e+10,1.68728e+10,2.65017e+16,3.08249e+18,5.78925e+17,4.12469e+14,5.69468e+10,1.75567e+14,5.19966e+14,1.92e+25,4.8e+24,1.2e+24,2.51e-06,5000000
0,0,0,0,0,3.75458e+15,3.32436e+17,7.57442e+14,1.84392e+08,3.30996e+14,0,0,0,0,0,2.36986e+17,8.14546e+13,1.65559e+12,2.82785e+17,2.08137e+13,2.08544e+17,1.7495e+08,35354.9,1.24898e+15,1.90023e+14,0,8.13934e+16,5.70349e+08,0,0,1.08049e+08,2.20274e+15,1.24352e+18,1.952e+19,1.93396e+18,2.60357e+18,1.21989e+18,9.50154e+14,1.19759e+18,1.90094e+14,2.12499e+10,1.02826e+11,2.43948e+10,2.65017e+16,3.08586e+18,5.86386e+17,4.9589e+14,5.71976e+10,2.1121e+14,6.24349e+14,1.92e+25,4.8e+24,1.2e+24,3.01e-06,5200000
0,0,0,0,0,3.64549e+15,3.22819e+17,8.43581e+14,2.05286e+08,3.6866e+14,0,0,0,0,0,2.3037e+17,8.05233e+13,1.5715e+12,2.74098e+17,2.04757e+13,2.02138e+17,1.98668e+08,35881.8,1.41881e+15,2.15569e+14,0,8.00742e+16,6.28705e+08,0,0,1.06618e+08,2.08445e+15,1.24302e+18,1.91157e+19,1.93383e+18,3.00625e+18,1.22018e+18,9.74775e+14,1.19724e+18,2.22464e+14,2.29868e+10,1.15405e+11,3.33135e+10,2.65017e+16,3.08905e+18,5.93433e+17,5.79496e+14,5.7429e+10,2.46899e+14,7.28809e+14,1.92e+25,4.8e+24,1.2e+24,3.51e-06,5400000
0,0,0,0,0,3.54241e+15,3.13731e+17,9.22049e+14,2.24298e+08,4.02936e+14,0,0,0,0,0,2.24116e+17,7.96196e+13,1.493e+12,2.65911e+17,2.01572e+13,1.96101e+17,2.21184e+08,36381.3,1.57994e+15,2.39655e+14,0,7.87814e+16,6.80077e+08,0,0,1.05161e+08,1.97573e+15,1.24253e+18,1.872e+19,1.93372e+18,3.40053e+18,1.22048e+18,9.98622e+14,1.19691e+18,2.54803e+14,2.442e+10,1.26966e+11,4.36281e+10,2.65017e+16,3.0921e+18,6.00098e+17,6.63276e+14,5.7644e+10,2.82633e+14,8.3334e+14,1.92e+25,4.8e+24,1.2e+24,4.01e-06,5600000
0,0,0,0,0,3.44485e+15,3.05129e+17,9.937e+14,2.41638e+08,4.34201e+14,0,0,0,0,0,2.18194e+17,7.87415e+13,1.41961e+12,2.58184e+17,1.9856e+13,1.90403e+17,2.42589e+08,36853.8,1.73302e+15,2.624e+14,0,7.7514e+16,7.25332e+08,0,0,1.03688e+08,1.87556e+15,1.24204e+18,1.83325e+19,1.9336e+18,3.78659e+18,1.22078e+18,1.02174e+15,1.19658e+18,2.87057e+14,2.56027e+10,1.3759e+11,5.53352e+10,2.65018e+16,3.09499e+18,6.06412e+17,7.47223e+14,5.78451e+10,3.1841e+14,9.37939e+14,1.92e+25,4.8e+24,1.2e+24,4.51e-06,5800000
0,0,0,0,0,3.35239e+15,2.96977e+17,1.05927e+15,2.57486e+08,4.62782e+14,0,0,0,0,0,2.12579e+17,7.78871e+13,1.35091e+12,2.5088e+17,1.95704e+13,1.85017e+17,2.62966e+08,37299.8,1.87864e+15,2.83912e+14,0,7.62711e+16,7.65211e+08,0,0,1.02207e+08,1.78305e+15,1.24155e+18,1.79532e+19,1.93348e+18,4.1646e+18,1.22109e+18,1.04419e+15,1.19626e+18,3.19179e+14,2.65787e+10,1.47354e+11,6.84295e+10,2.65018e+16,3.09775e+18,6.12402e+17,8.31328e+14,5.80345e+10,3.54229e+14,1.0426e+15,1.92e+25,4.8e+24,1.2e+24,5.01e-06,6000000
0,0,0,0,0,3.26464e+15,2.89238e+17,1.11941e+15,2.72003e+08,4.88965e+14,0,0,0,0,0,2.07247e+17,7.70545e+13,1.28651e+12,2.43968e+17,1.92988e+13,1.79919e+17,2.82387e+08,37720,2.01733e+15,3.0429e+14,0,7.50517e+16,8.00351e+08,0,0,1.00727e+08,1.69745e+15,1.24106e+18,1.75818e+19,1.93337e+18,4.53473e+18,1.2214e+18,1.06599e+15,1.19595e+18,3.51131e+14,2.73842e+10,1.56326e+11,8.29037e+10,2.65018e+16,3.10038e+18,6.18093e+17,9.15585e+14,5.82139e+10,3.90087e+14,1.14733e+15,1.92e+25,4.8e+24,1.2e+24,5.51e-06,6200000
0,0,0,0,0,3.18125e+15,2.81884e+17,1.17468e+15,2.85325e+08,5.12996e+14,0,0,0,0,0,2.02178e+17,7.62422e+13,1.22607e+12,2.37417e+17,1.90398e+13,1.75089e+17,3.00917e+08,38114.9,2.14958e+15,3.23619e+14,0,7.3855e+16,8.313e+08,0,0,9.9253e+07,1.61808e+15,1.24058e+18,1.72181e+19,1.93326e+18,4.89716e+18,1.22171e+18,1.0872e+15,1.19565e+18,3.82877e+14,2.8049e+10,1.6457e+11,9.87491e+10,2.65018e+16,3.10288e+18,6.23507e+17,9.99987e+14,5.83848e+10,4.25985e+14,1.25211e+15,1.92e+25,4.8e+24,1.2e+24,6.01e-06,6400000
0,0,0,0,0,3.1019e+15,2.74886e+17,1.22557e+15,2.97573e+08,5.35095e+14,0,0,0,0,0,1.97352e+17,7.54489e+13,1.16928e+12,2.31202e+17,1.87921e+13,1.70505e+17,3.18618e+08,38485.4,2.2758e+15,3.41981e+14,0,7.26803e+16,8.58535e+08,0,0,9.77888e+07,1.54434e+15,1.2401e+18,1.68621e+19,1.93314e+18,5.25206e+18,1.22203e+18,1.10785e+15,1.19536e+18,4.1439e+14,2.85977e+10,1.72144e+11,1.15955e+11,2.65018e+16,3.10528e+18,6.28663e+17,1.08453e+15,5.85486e+10,4.6192e+14,1.35694e+15,1.92e+25,4.8e+24,1.2e+24,6.51e-06,6600000
0,0,0,0,0,3.02631e+15,2.68218e+17,1.27252e+15,3.08856e+08,5.55453e+14,0,0,0,0,0,1.92753e+17,7.46733e+13,1.11587e+12,2.25297e+17,1.85547e+13,1.66151e+17,3.35543e+08,38832.2,2.39641e+15,3.59445e+14,0,7.15268e+16,8.82467e+08,0,0,9.63382e+07,1.47571e+15,1.23962e+18,1.65135e+19,1.93303e+18,5.59957e+18,1.22235e+18,1.12797e+15,1.19508e+18,4.45645e+14,2.90507e+10,1.79103e+11,1.34512e+11,2.65018e+16,3.10756e+18,6.3358e+17,1.1692e+15,5.87063e+10,4.97892e+14,1.46183e+15,1.92e+25,4.8e+24,1.2e+24,7.01e-06,6800000
0,0,0,0,0,2.95422e+15,2.61858e+17,1.3159e+15,3.19264e+08,5.74238e+14,0,0,0,0,0,1.88365e+17,7.39143e+13,1.06557e+12,2.19682e+17,1.83266e+13,1.6201e+17,3.51742e+08,39156.3,2.51174e+15,3.76077e+14,0,7.03938e+16,9.03457e+08,0,0,9.4904e+07,1.41173e+15,1.23915e+18,1.61721e+19,1.93292e+18,5.93986e+18,1.22267e+18,1.14759e+15,1.1948e+18,4.76622e+14,2.94247e+10,1.85495e+11,1.54405e+11,2.65018e+16,3.10974e+18,6.38273e+17,1.254e+15,5.88587e+10,5.339e+14,1.56676e+15,1.92e+25,4.8e+24,1.2e+24,7.51e-06,7000000
0,0,0,0,0,2.88538e+15,2.55786e+17,1.35605e+15,3.28883e+08,5.916e+14,0,0,0,0,0,1.84173e+17,7.31709e+13,1.01815e+12,2.14337e+17,1.81069e+13,1.58068e+17,3.6726e+08,39458.2,2.62214e+15,3.91936e+14,0,6.92809e+16,9.2182e+08,0,0,9.34885e+07,1.35198e+15,1.23867e+18,1.58379e+19,1.93282e+18,6.27308e+18,1.223e+18,1.16674e+15,1.19453e+18,5.07303e+14,2.97335e+10,1.91367e+11,1.75624e+11,2.65018e+16,3.11183e+18,6.42758e+17,1.33891e+15,5.90068e+10,5.69941e+14,1.67174e+15,1.92e+25,4.8e+24,1.2e+24,8.01e-06,7200000
0,0,0,0,0,2.8196e+15,2.49982e+17,1.39328e+15,3.37785e+08,6.0767e+14,0,0,0,0,0,1.80165e+17,7.24421e+13,9.73418e+11,2.09243e+17,1.78948e+13,1.54312e+17,3.82137e+08,39739,2.72789e+15,4.07075e+14,0,6.81874e+16,9.37832e+08,0,0,9.20932e+07,1.29609e+15,1.2382e+18,1.55107e+19,1.93271e+18,6.59938e+18,1.22332e+18,1.18545e+15,1.19426e+18,5.37674e+14,2.99887e+10,1.9676e+11,1.98153e+11,2.65018e+16,3.11382e+18,6.47048e+17,1.42395e+15,5.9151e+10,6.06016e+14,1.77676e+15,1.92e+25,4.8e+24,1.2e+24,8.51e-06,7400000
0,0,0,0,0,2.75666e+15,2.44429e+17,1.42784e+15,3.46036e+08,6.22567e+14,0,0,0,0,0,1.7633e+17,7.17273e+13,9.3117e+11,2.04383e+17,1.76897e+13,1.50728e+17,3.96412e+08,39999.4,2.82928e+15,4.21544e+14,0,6.71128e+16,9.51736e+08,0,0,9.07196e+07,1.24374e+15,1.23773e+18,1.51902e+19,1.9326e+18,6.91891e+18,1.22365e+18,1.20375e+15,1.194e+18,5.67723e+14,3.01995e+10,2.01712e+11,2.2198e+11,2.65018e+16,3.11573e+18,6.51155e+17,1.50909e+15,5.92919e+10,6.42123e+14,1.88183e+15,1.92e+25,4.8e+24,1.2e+24,9.01e-06,7600000
0,0,0,0,0,2.6964e+15,2.3911e+17,1.45999e+15,3.53693e+08,6.36395e+14,0,0,0,0,0,1.72655e+17,7.10256e+13,8.91235e+11,1.99744e+17,1.74909e+13,1.47307e+17,4.1012e+08,40240.3,2.92655e+15,4.35388e+14,0,6.60566e+16,9.63747e+08,0,0,8.93684e+07,1.19462e+15,1.23727e+18,1.48765e+19,1.9325e+18,7.2318e+18,1.22398e+18,1.22164e+15,1.19375e+18,5.9744e+14,3.03738e+10,2.06259e+11,2.47089e+11,2.65018e+16,3.11755e+18,6.55092e+17,1.59434e+15,5.94301e+10,6.78262e+14,1.98693e+15,1.92e+25,4.8e+24,1.2e+24,9.51e-06,7800000
0,0,0,0,0,2.58321e+15,2.29121e+17,1.51782e+15,3.67433e+08,6.6121e+14,0,0,0,0,0,1.6575e+17,6.96592e+13,8.17685e+11,1.91069e+17,1.71101e+13,1.4091e+17,4.35957e+08,40666.4,3.10966e+15,4.6136e+14,0,6.39975e+16,9.82834e+08,0,0,8.67362e+07,1.10509e+15,1.23634e+18,1.42684e+19,1.93229e+18,7.83826e+18,1.22464e+18,1.25633e+15,1.19326e+18,6.5585e+14,3.06373e+10,2.14267e+11,3.01094e+11,2.65018e+16,3.12097e+18,6.62493e+17,1.76514e+15,5.96992e+10,7.5063e+14,2.19724e+15,1.92e+25,4.8e+24,1.2e+24,1.051e-05,8000000
0,0,0,0,0,2.13224e+15,1.89298e+17,1.716e+15,4.13878e+08,7.45209e+14,0,0,0,0,0,1.38173e+17,6.34372e+13,5.45694e+11,1.57071e+17,1.54454e+13,1.15838e+17,5.39863e+08,41870.7,3.84194e+15,5.64866e+14,0,5.46708e+16,1.0124e+09,0,0,7.49901e+07,7.83196e+14,1.23176e+18,1.15833e+19,1.93129e+18,1.05174e+19,1.22798e+18,1.41204e+15,1.19104e+18,9.2663e+14,3.11337e+10,2.38855e+11,6.42815e+11,2.65018e+16,3.13423e+18,6.92095e+17,2.62413e+15,6.09515e+10,1.11409e+15,3.25039e+15,1.92e+25,4.8e+24,1.2e+24,1.551e-05,9000000
0,0,0,0,0,1.812e+15,1.6099e+17,1.82614e+15,4.3884e+08,7.90515e+14,0,0,0,0,0,1.18517e+17,5.80095e+13,3.76899e+11,1.336e+17,1.40242e+13,9.85292e+16,6.13689e+08,41959.6,4.35643e+15,6.39308e+14,0,4.67397e+16,9.85391e+08,0,0,6.53832e+07,5.88359e+14,1.22726e+18,9.40577e+18,1.93035e+18,1.26913e+19,1.23133e+18,1.54679e+15,1.18914e+18,1.1628e+15,3.12344e+10,2.49043e+11,1.09268e+12,2.65018e+16,3.14279e+18,7.13218e+17,3.48928e+15,6.20935e+10,1.47982e+15,4.30519e+15,1.92e+25,4.8e+24,1.2e+24,2.051e-05,10000000
0,0,0,0,0,1.57297e+15,1.39841e+17,1.89245e+15,4.53133e+08,8.16625e+14,0,0,0,0,0,1.03796e+17,5.32025e+13,2.66978e+11,1.1652e+17,1.27522e+13,8.5934e+16,6.67577e+08,41355.3,4.72687e+15,6.96537e+14,0,3.99762e+16,9.36634e+08,0,0,5.74981e+07,4.61211e+14,1.22282e+18,7.63917e+18,1.92944e+18,1.4456e+19,1.23467e+18,1.66806e+15,1.18746e+18,1.36801e+15,3.12821e+10,2.53037e+11,1.63631e+12,2.65018e+16,3.14812e+18,7.29025e+17,4.35838e+15,6.31298e+10,1.84737e+15,5.36056e+15,1.92e+25,4.8e+24,1.2e+24,2.551e-05,11000000
0,0,0,0,0,1.38784e+15,1.23445e+17,1.93491e+15,4.61635e+08,8.32337e+14,0,0,0,0,0,9.23575e+16,4.89191e+13,1.92774e+11,1.03571e+17,1.15977e+13,7.63844e+16,7.07432e+08,40329.8,4.99623e+15,7.42878e+14,0,3.42034e+16,8.80584e+08,0,0,5.09662e+07,3.73518e+14,1.21841e+18,6.20552e+18,1.92856e+18,1.5889e+19,1.23797e+18,1.78024e+15,1.18593e+18,1.5467e+15,3.13253e+10,2.54385e+11,2.26118e+12,2.65018e+16,3.1511e+18,7.41279e+17,5.22987e+15,6.40581e+10,2.21641e+15,6.41575e+15,1.92e+25,4.8e+24,1.2e+24,3.051e-05,12000000
0,0,0,0,0,1.24025e+15,1.10364e+17,1.96349e+15,4.66775e+08,8.42028e+14,0,0,0,0,0,8.32134e+16,4.5093e+13,1.41276e+11,9.34203e+16,1.05496e+13,6.88988e+16,7.37004e+08,39058,5.19178e+15,7.81944e+14,0,2.92753e+16,8.23715e+08,0,0,4.55024e+07,3.10427e+14,1.21404e+18,5.04185e+18,1.92771e+18,1.70528e+19,1.24124e+18,1.88608e+15,1.18453e+18,1.70309e+15,3.13701e+10,2.54619e+11,2.95674e+12,2.65018e+16,3.15232e+18,7.51042e+17,6.10262e+15,6.48845e+10,2.58669e+15,7.47023e+15,1.92e+25,4.8e+24,1.2e+24,3.551e-05,13000000
0,0,0,0,0,1.11989e+15,9.96862e+16,1.98353e+15,4.69854e+08,8.48043e+14,0,0,0,0,0,7.57356e+16,4.16718e+13,1.04754e+11,8.52403e+16,9.60177e+12,6.28664e+16,7.58827e+08,37653.1,5.33193e+15,8.15913e+14,0,2.50685e+16,7.68992e+08,0,0,4.08908e+07,2.63503e+14,1.2097e+18,4.09715e+18,1.92687e+18,1.79983e+19,1.24448e+18,1.98736e+15,1.18323e+18,1.84082e+15,3.14166e+10,2.54394e+11,3.71414e+12,2.65019e+16,3.15219e+18,7.58992e+17,6.97573e+15,6.56201e+10,2.95804e+15,8.52357e+15,1.92e+25,4.8e+24,1.2e+24,4.051e-05,14000000
0,0,0,0,0,1.01986e+15,9.08072e+16,1.99806e+15,4.71609e+08,8.51708e+14,0,0,0,0,0,6.95063e+16,3.86103e+13,7.84045e+10,7.8493e+16,8.749e+12,5.78905e+16,7.74697e+08,36188.7,5.42972e+15,8.46153e+14,0,2.14775e+16,7.17717e+08,0,0,3.69667e+07,2.27655e+14,1.20538e+18,3.33014e+18,1.92604e+18,1.87666e+19,1.24769e+18,2.08525e+15,1.182e+18,1.96301e+15,3.14643e+10,2.5399e+11,4.52603e+12,2.65019e+16,3.15099e+18,7.65583e+17,7.84853e+15,6.62777e+10,3.33029e+15,9.57546e+15,1.92e+25,4.8e+24,1.2e+24,4.551e-05,15000000
0,0,0,0,0,9.35437e+14,8.33084e+16,2.0089e+15,4.72479e+08,8.53809e+14,0,0,0,0,0,6.42365e+16,3.58685e+13,5.91322e+10,7.28161e+16,7.98514e+12,5.37041e+16,7.85931e+08,34713.1,5.49467e+15,8.73553e+14,0,1.84118e+16,6.70362e+08,0,0,3.3603e+07,1.99657e+14,1.20108e+18,2.70733e+18,1.92522e+18,1.9391e+19,1.25087e+18,2.18059e+15,1.18083e+18,2.07223e+15,3.1513e+10,2.53526e+11,5.38626e+12,2.65019e+16,3.14894e+18,7.7113e+17,8.72048e+15,6.68694e+10,3.70332e+15,1.06256e+16,1.92e+25,4.8e+24,1.2e+24,5.051e-05,16000000
0,0,0,0,0,8.63236e+14,7.68919e+16,2.01716e+15,4.72734e+08,8.54831e+14,0,0,0,0,0,5.97202e+16,3.34101e+13,4.4879e+10,6.79588e+16,7.30327e+12,5.0122e+16,7.93522e+08,33257.7,5.53397e+15,8.98712e+14,0,1.57942e+16,6.26977e+08,0,0,3.07003e+07,1.7738e+14,1.19681e+18,2.20157e+18,1.92442e+18,1.98986e+19,1.25402e+18,2.27394e+15,1.17971e+18,2.1706e+15,3.15624e+10,2.53047e+11,6.28973e+12,2.65019e+16,3.14621e+18,7.75857e+17,9.59115e+15,6.74059e+10,4.07704e+15,1.16739e+16,1.92e+25,4.8e+24,1.2e+24,5.551e-05,17000000
0,0,0,0,0,8.00789e+14,7.13397e+16,2.02354e+15,4.72546e+08,8.55078e+14,0,0,0,0,0,5.58063e+16,3.12027e+13,3.42422e+10,6.37426e+16,6.69601e+12,4.70127e+16,7.98233e+08,31842.5,5.5531e+15,9.22043e+14,0,1.35582e+16,5.87401e+08,0,0,2.81796e+07,1.59371e+14,1.19256e+18,1.79084e+18,1.92362e+18,2.03115e+19,1.25716e+18,2.36573e+15,1.17863e+18,2.25987e+15,3.16121e+10,2.52573e+11,7.23214e+12,2.65019e+16,3.14294e+18,7.79929e+17,1.04602e+16,6.78962e+10,4.45136e+15,1.27202e+16,1.92e+25,4.8e+24,1.2e+24,6.051e-05,18000000
0,0,0,0,0,7.4625e+14,6.64886e+16,2.02852e+15,4.7203e+08,8.54754e+14,0,0,0,0,0,5.23817e+16,2.92173e+13,2.62451e+10,6.00376e+16,6.15594e+12,4.42803e+16,8.00658e+08,30480.1,5.55635e+15,9.4384e+14,0,1.16475e+16,5.51372e+08,0,0,2.59781e+07,1.44611e+14,1.18833e+18,1.45727e+18,1.92283e+18,2.06473e+19,1.26027e+18,2.45624e+15,1.17757e+18,2.34149e+15,3.1662e+10,2.52109e+11,8.20991e+12,2.65019e+16,3.13922e+18,7.83469e+17,1.13273e+16,6.83476e+10,4.82621e+15,1.37642e+16,1.92e+25,4.8e+24,1.2e+24,6.551e-05,19000000
0,0,0,0,0,6.9821e+14,6.22141e+16,2.03241e+15,4.7126e+08,8.53991e+14,0,0,0,0,0,4.936e+16,2.74279e+13,2.01955e+10,5.67476e+16,5.67585e+12,4.1854e+16,8.01266e+08,29177.7,5.54708e+15,9.64319e+14,0,1.00137e+16,5.18592e+08,0,0,2.40449e+07,1.32366e+14,1.18412e+18,1.18633e+18,1.92205e+18,2.09206e+19,1.26337e+18,2.5457e+15,1.17654e+18,2.41663e+15,3.1712e+10,2.51657e+11,9.22e+12,2.65019e+16,3.13513e+18,7.86573e+17,1.21924e+16,6.87662e+10,5.20153e+15,1.48059e+16,1.92e+25,4.8e+24,1.2e+24,7.051e-05,20000000
0,0,0,0,0,6.55575e+14,5.84194e+16,2.03543e+15,4.70291e+08,8.52883e+14,0,0,0,0,0,4.66738e+16,2.58117e+13,1.55954e+10,5.37998e+16,5.24897e+12,3.968e+16,8.00432e+08,27939.2,5.52794e+15,9.83642e+14,0,8.61591e+15,4.88753e+08,0,0,2.23384e+07,1.22096e+14,1.17993e+18,9.66273e+17,1.92127e+18,2.11431e+19,1.26645e+18,2.63428e+15,1.17553e+18,2.48628e+15,3.1762e+10,2.51214e+11,1.02598e+13,2.65019e+16,3.13074e+18,7.89313e+17,1.30551e+16,6.91569e+10,5.57728e+15,1.58453e+16,1.92e+25,4.8e+24,1.2e+24,7.551e-05,21000000
0,0,0,0,0,6.17485e+14,5.50283e+16,2.03774e+15,4.6916e+08,8.51496e+14,0,0,0,0,0,4.42702e+16,2.43485e+13,1.20822e+10,5.1138e+16,4.86908e+12,3.7717e+16,7.98453e+08,26765.6,5.50108e+15,1.00194e+15,0,7.41913e+15,4.61564e+08,0,0,2.08248e+07,1.134e+14,1.17576e+18,7.87523e+17,1.9205e+18,2.13244e+19,1.26951e+18,2.7221e+15,1.17453e+18,2.55122e+15,3.18119e+10,2.50779e+11,1.13272e+13,2.65019e+16,3.12611e+18,7.91747e+17,1.39153e+16,6.95238e+10,5.95342e+15,1.68822e+16,1.92e+25,4.8e+24,1.2e+24,8.051e-05,22000000
0,0,0,0,0,5.8325e+14,5.19799e+16,2.03944e+15,4.67894e+08,8.49876e+14,0,0,0,0,0,4.21067e+16,2.30205e+13,9.38884e+09,4.87188e+16,4.53054e+12,3.59328e+16,7.95571e+08,25656.6,5.46819e+15,1.0193e+15,0,6.39372e+15,4.36749e+08,0,0,1.9476e+07,1.0597e+14,1.17161e+18,6.42322e+17,1.91973e+18,2.14722e+19,1.27255e+18,2.80924e+15,1.17355e+18,2.61213e+15,3.18616e+10,2.50352e+11,1.24203e+13,2.65019e+16,3.12128e+18,7.9392e+17,1.4773e+16,6.987e+10,6.3299e+15,1.79166e+16,1.92e+25,4.8e+24,1.2e+24,8.551e-05,23000000
0,0,0,0,0,5.52316e+14,4.92248e+16,2.04063e+15,4.66515e+08,8.48058e+14,0,0,0,0,0,4.01491e+16,2.18122e+13,7.31728e+09,4.65073e+16,4.22831e+12,3.43018e+16,7.91979e+08,24610.6,5.43064e+15,1.03583e+15,0,5.51444e+15,4.14061e+08,0,0,1.82688e+07,9.95708e+13,1.16747e+18,5.24368e+17,1.91897e+18,2.15927e+19,1.27558e+18,2.89579e+15,1.17257e+18,2.66956e+15,3.19111e+10,2.4993e+11,1.35374e+13,2.65019e+16,3.11628e+18,7.95871e+17,1.5628e+16,7.01983e+10,6.7067e+15,1.89484e+16,1.92e+25,4.8e+24,1.2e+24,9.051e-05,24000000
0,0,0,0,0,5.24229e+14,4.67229e+16,2.04136e+15,4.65038e+08,8.46071e+14,0,0,0,0,0,3.83691e+16,2.07099e+13,5.71936e+09,4.44757e+16,3.95795e+12,3.28035e+16,7.87836e+08,23625.3,5.38956e+15,1.05157e+15,0,4.75988e+15,3.93273e+08,0,0,1.71838e+07,9.40178e+13,1.16336e+18,4.28545e+17,1.91821e+18,2.16912e+19,1.2786e+18,2.98179e+15,1.1716e+18,2.72395e+15,3.19603e+10,2.49514e+11,1.46771e+13,2.65019e+16,3.11115e+18,7.97629e+17,1.64802e+16,7.0511e+10,7.08379e+15,1.99777e+16,1.92e+25,4.8e+24,1.2e+24,9.551e-05,25000000
0,0,0,0,0,3.4087e+14,3.03833e+16,2.03167e+15,4.46859e+08,8.20123e+14,0,0,0,0,0,2.66792e+16,1.35065e+13,5.9933e+08,3.05071e+16,2.34668e+12,2.25011e+16,7.35128e+08,16457.7,4.91628e+15,1.17668e+15,0,1.13935e+15,2.55247e+08,0,0,1.04529e+07,6.35477e+13,1.12321e+18,6.53113e+16,1.91075e+18,2.20813e+19,1.30801e+18,3.81772e+15,1.1621e+18,3.16062e+15,3.24327e+10,2.45469e+11,2.71067e+13,2.65019e+16,3.05621e+18,8.08537e+17,2.48417e+16,7.30733e+10,1.08667e+16,3.01239e+16,1.92e+25,4.8e+24,1.2e+24,0.00014551,30000000
0,0,0,0,0,2.45775e+14,2.19067e+16,2.00388e+15,4.25658e+08,7.88434e+14,0,0,0,0,0,2.05454e+16,9.84825e+12,1.33209e+08,2.26995e+16,1.64833e+12,1.67426e+16,6.84617e+08,12386.5,4.48229e+15,1.26316e+15,0,2.92385e+14,1.8356e+08,0,0,7.26198e+06,5.1158e+13,1.08475e+18,1.93812e+16,1.90345e+18,2.21535e+19,1.33614e+18,4.6166e+15,1.15271e+18,3.48952e+15,3.28647e+10,2.41519e+11,4.10008e+13,2.65019e+16,2.99997e+18,8.13223e+17,3.2903e+16,7.50625e+10,1.46637e+16,4.00017e+16,1.92e+25,4.8e+24,1.2e+24,0.00019551,35000000
0,0,0,0,0,1.87846e+14,1.6743e+16,1.96731e+15,4.03682e+08,7.5485e+14,0,0,0,0,0,1.67648e+16,7.6561e+12,7.14558e+07,1.77714e+16,1.26517e+12,1.31078e+16,6.42314e+08,9853.81,4.12258e+15,1.32766e+15,0,8.06715e+13,1.40093e+08,0,0,5.4251e+06,4.43091e+13,1.04787e+18,1.32225e+16,1.89623e+18,2.21851e+19,1.36299e+18,5.38165e+15,1.14342e+18,3.75906e+15,3.32573e+10,2.3764e+11,5.60088e+13,2.65019e+16,2.94482e+18,8.15076e+17,4.06705e+16,7.67417e+10,1.8468e+16,4.96165e+16,1.92e+25,4.8e+24,1.2e+24,0.00024551,40000000
0,0,0,0,0,1.49045e+14,1.32844e+16,1.92636e+15,3.81924e+08,7.21132e+14,0,0,0,0,0,1.42001e+16,6.19706e+12,5.30116e+07,1.44171e+16,1.02013e+12,1.06337e+16,6.06482e+08,8144.23,3.82085e+15,1.37871e+15,0,2.47387e+13,1.11033e+08,0,0,4.23778e+06,3.97675e+13,1.01247e+18,1.20763e+16,1.88905e+18,2.22108e+19,1.38861e+18,6.11456e+15,1.13428e+18,3.98792e+15,3.36135e+10,2.33851e+11,7.19117e+13,2.65019e+16,2.89121e+18,8.15316e+17,4.81563e+16,7.82072e+10,2.22745e+16,5.89772e+16,1.92e+25,4.8e+24,1.2e+24,0.00029551,45000000
0,0,0,0,0,1.21376e+14,1.08181e+16,1.88322e+15,3.60828e+08,6.88097e+14,0,0,0,0,0,1.23455e+16,5.15733e+12,4.23565e+07,1.20055e+16,8.48319e+11,8.85495e+15,5.75161e+08,6917.59,3.56095e+15,1.42094e+15,0,9.11555e+12,9.03334e+07,0,0,3.41179e+06,3.63922e+13,9.78453e+17,1.15798e+16,1.8819e+18,2.2235e+19,1.41303e+18,6.81686e+15,1.12532e+18,4.18638e+15,3.39364e+10,2.30166e+11,8.85526e+13,2.65019e+16,2.83923e+18,8.14503e+17,5.53736e+16,7.95051e+10,2.60793e+16,6.80935e+16,1.92e+25,4.8e+24,1.2e+24,0.00034551,50000000
0,0,0,0,0,1.0075e+14,8.97962e+15,1.83903e+15,3.40588e+08,6.56116e+14,0,0,0,0,0,1.09414e+16,4.38062e+12,3.47628e+07,1.0198e+16,7.2074e+11,7.52181e+15,5.47011e+08,5996.85,3.33181e+15,1.45695e+15,0,4.4026e+12,7.49276e+07,0,0,2.80762e+06,3.36919e+13,9.45761e+17,1.11817e+16,1.87475e+18,2.22583e+19,1.43631e+18,7.49001e+15,1.11656e+18,4.36108e+15,3.42285e+10,2.2659e+11,1.05812e+14,2.65018e+16,2.78882e+18,8.12937e+17,6.23351e+16,8.0662e+10,2.98787e+16,7.6975e+16,1.92e+25,4.8e+24,1.2e+24,0.00039551,55000000
0,0,0,0,0,8.48598e+13,7.56325e+15,1.79442e+15,3.2128e+08,6.25345e+14,0,0,0,0,0,9.84121e+15,3.77999e+12,2.90147e+07,8.79877e+15,6.22281e+11,6.48975e+15,5.21191e+08,5281.69,3.12629e+15,1.48831e+15,0,2.7796e+12,6.30854e+07,0,0,2.34931e+06,3.14237e+13,9.14323e+17,1.08108e+16,1.86761e+18,2.22808e+19,1.45849e+18,8.1354e+15,1.10801e+18,4.51658e+15,3.44925e+10,2.23125e+11,1.23596e+14,2.65018e+16,2.73993e+18,8.10801e+17,6.9053e+16,8.16954e+10,3.36693e+16,8.56309e+16,1.92e+25,4.8e+24,1.2e+24,0.00044551,60000000
0,0,0,0,0,7.23027e+13,6.44402e+15,1.74976e+15,3.02923e+08,5.95841e+14,0,0,0,0,0,8.95566e+15,3.30304e+12,2.45331e+07,7.68729e+15,5.44134e+11,5.66994e+15,4.97173e+08,4711.17,2.93963e+15,1.51601e+15,0,2.08698e+12,5.37534e+07,0,0,1.9919e+06,2.94551e+13,8.8408e+17,1.04565e+16,1.86047e+18,2.23026e+19,1.47963e+18,8.75436e+15,1.09967e+18,4.6562e+15,3.47303e+10,2.19771e+11,1.41829e+14,2.65018e+16,2.69252e+18,8.08214e+17,7.55387e+16,8.26179e+10,3.74484e+16,9.40702e+16,1.92e+25,4.8e+24,1.2e+24,0.00049551,65000000
0,0,0,0,0,6.21788e+13,5.54167e+15,1.70531e+15,2.85508e+08,5.67609e+14,0,0,0,0,0,8.22733e+15,2.91623e+12,2.09646e+07,6.78585e+15,4.80748e+11,5.00506e+15,4.74618e+08,4246.16,2.76859e+15,1.54072e+15,0,1.70496e+12,4.62526e+07,0,0,1.70702e+06,2.77079e+13,8.54975e+17,1.01164e+16,1.85332e+18,2.23236e+19,1.49977e+18,9.34813e+15,1.09153e+18,4.78239e+15,3.49441e+10,2.16525e+11,1.60447e+14,2.65018e+16,2.64651e+18,8.0526e+17,8.1803e+16,8.34396e+10,4.12132e+16,1.02301e+17,1.92e+25,4.8e+24,1.2e+24,0.00054551,70000000
0,0,0,0,0,5.38831e+13,4.80227e+15,1.66123e+15,2.69013e+08,5.40628e+14,0,0,0,0,0,7.6176e+15,2.59707e+12,1.80747e+07,6.04213e+15,4.28431e+11,4.45651e+15,4.53302e+08,3860.41,2.61083e+15,1.56289e+15,0,1.44617e+12,4.01257e+07,0,0,1.47592e+06,2.61326e+13,8.26957e+17,9.78945e+15,1.84618e+18,2.2344e+19,1.51897e+18,9.91792e+15,1.0836e+18,4.89706e+15,3.51355e+10,2.13384e+11,1.79398e+14,2.65018e+16,2.60186e+18,8.02002e+17,8.78561e+16,8.41684e+10,4.49614e+16,1.10332e+17,1.92e+25,4.8e+24,1.2e+24,0.00059551,75000000
0,0,0,0,0,4.69941e+13,4.18826e+15,1.61764e+15,2.53408e+08,5.14866e+14,0,0,0,0,0,7.09956e+15,2.32993e+12,1.57014e+07,5.41969e+15,3.8462e+11,3.99741e+15,4.3307e+08,3535.65,2.46462e+15,1.58285e+15,0,1.24887e+12,3.50534e+07,0,0,1.2857e+06,2.46961e+13,7.99978e+17,9.47472e+15,1.83903e+18,2.23637e+19,1.53727e+18,1.04648e+16,1.07588e+18,5.00169e+15,3.53062e+10,2.10344e+11,1.98636e+14,2.65018e+16,2.55851e+18,7.98488e+17,9.37076e+16,8.48116e+10,4.8691e+16,1.18171e+17,1.92e+25,4.8e+24,1.2e+24,0.00064551,80000000
0,0,0,0,0,4.12093e+13,3.67267e+15,1.57463e+15,2.38658e+08,4.90281e+14,0,0,0,0,0,6.65385e+15,2.10357e+12,1.37292e+07,4.89236e+15,3.47482e+11,3.60847e+15,4.13813e+08,3258.78,2.32862e+15,1.60088e+15,0,1.08955e+12,3.08064e+07,0,0,1.12719e+06,2.33755e+13,7.73992e+17,9.17159e+15,1.83187e+18,2.23828e+19,1.55471e+18,1.09899e+16,1.06834e+18,5.09747e+15,3.54578e+10,2.07402e+11,2.18123e+14,2.65018e+16,2.51641e+18,7.94756e+17,9.93667e+16,8.53752e+10,5.24e+16,1.25825e+17,1.92e+25,4.8e+24,1.2e+24,0.00069551,85000000
0,0,0,0,0,3.63056e+13,3.23562e+15,1.53228e+15,2.24727e+08,4.66831e+14,0,0,0,0,0,6.26621e+15,1.90976e+12,1.20734e+07,4.4409e+15,3.15668e+11,3.27549e+15,3.95448e+08,3020.19,2.20174e+15,1.61716e+15,0,9.57227e+11,2.72159e+07,0,0,993736,2.21539e+13,7.48955e+17,8.87945e+15,1.82472e+18,2.24012e+19,1.57134e+18,1.14942e+16,1.061e+18,5.18539e+15,3.55916e+10,2.04555e+11,2.37825e+14,2.65018e+16,2.4755e+18,7.90837e+17,1.04842e+17,8.58647e+10,5.60869e+16,1.33301e+17,1.92e+25,4.8e+24,1.2e+24,0.00074551,90000000
0,0,0,0,0,3.21154e+13,2.86216e+15,1.49065e+15,2.11579e+08,4.4447e+14,0,0,0,0,0,5.9259e+15,1.74229e+12,1.0671e+07,4.05087e+15,2.88164e+11,2.98781e+15,3.77915e+08,2812.64,2.08311e+15,1.63186e+15,0,8.4562e+11,2.41547e+07,0,0,880363,2.10185e+13,7.24828e+17,8.5978e+15,1.81756e+18,2.24191e+19,1.58718e+18,1.19787e+16,1.05384e+18,5.26624e+15,3.57088e+10,2.01798e+11,2.57713e+14,2.65017e+16,2.43574e+18,7.86758e+17,1.10141e+17,8.62853e+10,5.97502e+16,1.40605e+17,1.92e+25,4.8e+24,1.2e+24,0.00079551,95000000
0,0,0,0,0,2.851e+13,2.54082e+15,1.44979e+15,1.99176e+08,4.23156e+14,0,0,0,0,0,5.62466e+15,1.59642e+12,9.47404e+06,3.71118e+15,2.64196e+11,2.73726e+15,3.61161e+08,2630.6,1.972e+15,1.64511e+15,0,7.50517e+11,2.15256e+07,0,0,783295,1.99594e+13,7.01572e+17,8.32614e+15,1.81041e+18,2.24364e+19,1.60229e+18,1.24442e+16,1.04686e+18,5.34072e+15,3.58107e+10,1.99127e+11,2.77759e+14,2.65017e+16,2.39709e+18,7.82542e+17,1.15272e+17,8.66415e+10,6.33886e+16,1.47744e+17,1.92e+25,4.8e+24,1.2e+24,0.00084551,100000000
0,0,0,0,0,2.53889e+13,2.26265e+15,1.40973e+15,1.87483e+08,4.02843e+14,0,0,0,0,0,5.35607e+15,1.46846e+12,8.44528e+06,3.41322e+15,2.4316e+11,2.5175e+15,3.45145e+08,2469.76,1.86777e+15,1.65703e+15,0,6.68847e+11,1.9253e+07,0,0,699616,1.89685e+13,6.79149e+17,8.06406e+15,1.80325e+18,2.24532e+19,1.61669e+18,1.28916e+16,1.04005e+18,5.40938e+15,3.58983e+10,1.9654e+11,2.97941e+14,2.65017e+16,2.3595e+18,7.78208e+17,1.20242e+17,8.69376e+10,6.70009e+16,1.54724e+17,1.92e+25,4.8e+24,1.2e+24,0.00089551,105000000
0,0,0,0,0,2.26728e+13,2.02058e+15,1.3705e+15,1.76463e+08,3.83489e+14,0,0,0,0,0,5.11502e+15,1.35549e+12,7.55568e+06,3.15021e+15,2.24579e+11,2.32351e+15,3.29832e+08,2326.72,1.76987e+15,1.66772e+15,0,5.98257e+11,1.72773e+07,0,0,627042,1.80392e+13,6.57526e+17,7.81113e+15,1.7961e+18,2.24694e+19,1.63042e+18,1.33218e+16,1.03341e+18,5.47274e+15,3.59727e+10,1.94033e+11,3.18238e+14,2.65017e+16,2.32294e+18,7.73773e+17,1.25058e+17,8.71775e+10,7.05862e+16,1.61551e+17,1.92e+25,4.8e+24,1.2e+24,0.00094551,110000000
0,0,0,0,0,2.02981e+13,1.80893e+15,1.33213e+15,1.66082e+08,3.65053e+14,0,0,0,0,0,4.89743e+15,1.25518e+12,6.78218e+06,2.9167e+15,2.08073e+11,2.15128e+15,3.15188e+08,2198.76,1.67782e+15,1.67726e+15,0,5.369e+11,1.55508e+07,0,0,563756,1.7166e+13,6.3667e+17,7.56698e+15,1.78895e+18,2.24851e+19,1.64351e+18,1.37354e+16,1.02693e+18,5.53122e+15,3.60348e+10,1.91602e+11,3.38631e+14,2.65017e+16,2.28735e+18,7.69251e+17,1.29727e+17,8.73651e+10,7.41436e+16,1.6823e+17,1.92e+25,4.8e+24,1.2e+24,0.00099551,115000000
0,0,0,0,0,1.33119e+13,1.1863e+15,1.18752e+15,1.30296e+08,2.99695e+14,0,0,0,0,0,4.20353e+15,9.47642e+11,4.52715e+06,2.20104e+15,1.57409e+11,1.62342e+15,2.62759e+08,1799.32,1.36023e+15,1.70542e+15,0,3.58139e+11,1.04661e+07,0,0,378123,1.4148e+13,5.60309e+17,6.67133e+15,1.7604e+18,2.25432e+19,1.69003e+18,1.52389e+16,1.00252e+18,5.72329e+15,3.6176e+10,1.82583e+11,4.20849e+14,2.65017e+16,2.15412e+18,7.50544e+17,1.47043e+17,8.76566e+10,8.80813e+16,1.93566e+17,1.92e+25,4.8e+24,1.2e+24,0.00119551,125000000
0,0,0,0,0,5.12086e+12,4.56318e+14,8.87974e+14,7.13083e+07,1.83161e+14,0,0,0,0,0,3.16273e+15,5.33014e+11,1.88765e+06,1.2369e+15,8.8901e+10,9.123e+14,1.6679e+08,1233.06,8.22725e+14,1.72383e+15,0,1.49185e+11,4.40183e+06,0,0,158293,8.95551e+12,4.10089e+17,4.90077e+15,1.68971e+18,2.26602e+19,1.77365e+18,1.81419e+16,9.50482e+17,5.99189e+15,3.59983e+10,1.64083e+11,6.27043e+14,2.65015e+16,1.87428e+18,7.02271e+17,1.82514e+17,8.60796e+10,1.20763e+17,2.48709e+17,1.92e+25,4.8e+24,1.2e+24,0.00169551,150000000
0,0,0,0,0,2.15791e+12,1.92277e+14,6.67173e+14,3.95593e+07,1.12573e+14,0,0,0,0,0,2.57615e+15,3.33725e+11,886184,7.74006e+14,5.58348e+10,5.70883e+14,1.06528e+08,938.856,5.10866e+14,1.69534e+15,0,7.00204e+10,2.07071e+06,0,0,74302.8,5.82139e+12,3.02795e+17,3.62912e+15,1.62063e+18,2.27461e+19,1.82436e+18,2.0165e+16,9.08378e+17,6.07037e+15,3.53888e+10,1.49843e+11,8.28825e+14,2.65014e+16,1.65223e+18,6.55462e+17,2.09688e+17,8.26374e+10,1.50339e+17,2.94697e+17,1.92e+25,4.8e+24,1.2e+24,0.00219551,175000000
0,0,0,0,0,9.70593e+11,8.64765e+13,5.07378e+14,2.23749e+07,6.99197e+13,0,0,0,0,0,2.1938e+15,2.21837e+11,446577,5.1435e+14,3.72042e+10,3.79369e+14,6.88106e+07,760.355,3.24775e+14,1.64098e+15,0,3.52901e+10,1.04678e+06,0,0,37518.7,3.8607e+12,2.25199e+17,2.70609e+15,1.55367e+18,2.28097e+19,1.85363e+18,2.15978e+16,8.7362e+17,6.03777e+15,3.45816e+10,1.38577e+11,1.02286e+15,2.65013e+16,1.472e+18,6.12087e+17,2.30998e+17,7.84043e+10,1.77005e+17,3.33788e+17,1.92e+25,4.8e+24,1.2e+24,0.00269551,200000000
0,0,0,0,0,4.61363e+11,4.11026e+13,3.91952e+14,1.29338e+07,4.40737e+13,0,0,0,0,0,1.92152e+15,1.52901e+11,235939,3.54479e+14,2.56917e+10,2.61452e+14,4.50731e+07,640.936,2.11016e+14,1.57319e+15,0,1.86495e+10,557356,0,0,19964.1,2.60242e+12,1.68513e+17,2.03015e+15,1.4891e+18,2.28571e+19,1.86876e+18,2.26258e+16,8.44433e+17,5.93861e+15,3.36992e+10,1.29457e+11,1.20782e+15,2.65012e+16,1.3229e+18,5.72713e+17,2.48034e+17,7.39558e+10,2.01052e+17,3.67529e+17,1.92e+25,4.8e+24,1.2e+24,0.00319551,225000000
0,0,0,0,0,2.30692e+11,2.05506e+13,3.07962e+14,7.6439e+06,2.83083e+13,0,0,0,0,0,1.71585e+15,1.07881e+11,129074,2.50116e+14,1.81549e+10,1.84478e+14,2.99692e+07,555.484,1.39878e+14,1.49951e+15,0,1.02047e+10,308981,0,0,11063.4,1.77854e+12,1.26752e+17,1.53138e+15,1.42705e+18,2.28924e+19,1.87444e+18,2.33714e+16,8.1957e+17,5.79963e+15,3.28066e+10,1.21935e+11,1.38333e+15,2.65012e+16,1.19756e+18,5.37309e+17,2.61871e+17,6.95919e+10,2.22781e+17,3.97019e+17,1.92e+25,4.8e+24,1.2e+24,0.00369551,250000000
0,0,0,0,0,1.20955e+11,1.07741e+13,2.46098e+14,4.61532e+06,1.86046e+13,0,0,0,0,0,1.55386e+15,7.73462e+10,72628.6,1.79349e+14,1.30328e+10,1.32282e+14,2.0223e+07,491.272,9.44195e+13,1.42453e+15,0,5.7427e+09,177025,0,0,6337.19,1.2301e+12,9.57703e+16,1.16088e+15,1.36756e+18,2.29189e+19,1.87383e+18,2.3917e+16,7.98133e+17,5.63748e+15,3.1938e+10,1.15632e+11,1.54955e+15,2.65011e+16,1.09075e+18,5.05599e+17,2.73259e+17,6.54604e+10,2.4247e+17,4.23061e+17,1.92e+25,4.8e+24,1.2e+24,0.00419551,275000000
0,0,0,0,0,6.62837e+10,5.90379e+12,1.99871e+14,2.84331e+06,1.25697e+13,0,0,0,0,0,1.42228e+15,5.61003e+10,41887.5,1.30113e+14,9.46289e+09,9.59671e+13,1.38369e+07,441.199,6.4769e+13,1.35099e+15,0,3.31183e+09,104281,0,0,3732.54,8.59895e+11,7.2646e+16,8.84031e+14,1.31061e+18,2.29388e+19,1.86904e+18,2.43195e+16,7.79461e+17,5.46268e+15,3.11109e+10,1.10278e+11,1.70683e+15,2.6501e+16,9.98653e+17,4.77219e+17,2.82737e+17,6.16252e+10,2.60367e+17,4.46259e+17,1.92e+25,4.8e+24,1.2e+24,0.00469551,300000000
0,0,0,0,0,3.78219e+10,3.36851e+12,1.64808e+14,1.78457e+06,8.77528e+12,0,0,0,0,0,1.31281e+15,4.10496e+10,24717.9,9.52319e+13,6.93044e+09,7.024e+13,9.5876e+06,401.004,4.50598e+13,1.28044e+15,0,1.95386e+09,62917.9,0,0,2251.84,6.0698e+11,5.52962e+16,6.76076e+14,1.25613e+18,2.29538e+19,1.8615e+18,2.46182e+16,7.63054e+17,5.282e+15,3.03332e+10,1.05678e+11,1.85566e+15,2.65009e+16,9.18448e+17,4.51794e+17,2.90703e+17,5.81044e+10,2.76688e+17,4.67078e+17,1.92e+25,4.8e+24,1.2e+24,0.00519551,325000000
0,0,0,0,0,2.23765e+10,1.99279e+12,1.37818e+14,1.13942e+06,6.36352e+12,0,0,0,0,0,1.22004e+15,3.02459e+10,14912.9,7.01899e+13,5.11045e+09,5.17698e+13,6.7183e+06,367.982,3.17327e+13,1.21372e+15,0,1.17832e+09,38766.9,0,0,1387.39,4.32377e+11,4.22195e+16,5.19125e+14,1.20404e+18,2.29651e+19,1.85223e+18,2.48412e+16,7.48532e+17,5.09983e+15,2.96074e+10,1.0169e+11,1.99655e+15,2.65009e+16,8.47988e+17,4.2897e+17,2.97453e+17,5.4892e+10,2.91621e+17,4.85881e+17,1.92e+25,4.8e+24,1.2e+24,0.00569551,350000000
0,0,0,0,0,1.3666e+10,1.21699e+12,1.16754e+14,739023,4.81463e+12,0,0,0,0,0,1.1402e+15,2.24121e+10,9196.42,5.20276e+13,3.78943e+09,3.83739e+13,4.75454e+06,340.331,2.25831e+13,1.15121e+15,0,7.26222e+08,24335.4,0,0,870.882,3.10711e+11,3.2324e+16,4.00156e+14,1.15426e+18,2.29736e+19,1.8419e+18,2.50085e+16,7.35594e+17,4.91899e+15,2.89333e+10,9.82008e+10,2.13002e+15,2.65008e+16,7.8562e+17,4.08424e+17,3.03215e+17,5.19697e+10,3.05324e+17,5.02958e+17,1.92e+25,4.8e+24,1.2e+24,0.00619551,375000000
0,0,0,0,0,8.57903e+09,7.63956e+11,1.00099e+14,486300,3.81029e+12,0,0,0,0,0,1.07065e+15,1.6686e+10,5795.95,3.87485e+13,2.82301e+09,2.85796e+13,3.39413e+06,316.81,1.62174e+13,1.09298e+15,0,4.57368e+08,15533.5,0,0,555.875,2.25218e+11,2.48091e+16,3.09617e+14,1.10669e+18,2.298e+19,1.831e+18,2.51346e+16,7.24006e+17,4.74133e+15,2.83087e+10,9.51277e+10,2.25656e+15,2.65008e+16,7.30047e+17,3.89875e+17,3.08165e+17,4.93141e+10,3.17936e+17,5.18542e+17,1.92e+25,4.8e+24,1.2e+24,0.00669551,400000000
0,0,0,0,0,5.51453e+09,4.91047e+11,8.67745e+13,324283,3.15337e+12,0,0,0,0,0,1.0094e+15,1.24731e+10,3732.28,2.89756e+13,2.11143e+09,2.13715e+13,2.44152e+06,296.531,1.17372e+13,1.03895e+15,0,2.94283e+08,10065.9,0,0,360.209,1.64682e+11,1.9084e+16,2.4046e+14,1.06122e+18,2.29848e+19,1.81985e+18,2.523e+16,7.13576e+17,4.56802e+15,2.77308e+10,9.24038e+10,2.37664e+15,2.65007e+16,6.80239e+17,3.73075e+17,3.12442e+17,4.69002e+10,3.29576e+17,5.32826e+17,1.92e+25,4.8e+24,1.2e+24,0.00719551,425000000
0,0,0,0,0,3.61738e+09,3.22105e+11,7.59976e+13,218913,2.7204e+12,0,0,0,0,0,9.55001e+14,9.35663e+09,2454.38,2.17436e+13,1.58467e+09,1.60374e+13,1.76809e+06,278.848,8.55226e+12,9.88919e+14,0,1.93359e+08,6613.1,0,0,236.646,1.21511e+11,1.47099e+16,1.87453e+14,1.01777e+18,2.29883e+19,1.80868e+18,2.53024e+16,7.04149e+17,4.39977e+15,2.71964e+10,8.99762e+10,2.49068e+15,2.65007e+16,6.35367e+17,3.57808e+17,3.16156e+17,4.47038e+10,3.40346e+17,5.45968e+17,1.92e+25,4.8e+24,1.2e+24,0.00769551,450000000
0,0,0,0,0,2.41475e+09,2.15014e+11,6.71946e+13,149470,2.43311e+12,0,0,0,0,0,9.06302e+14,7.04041e+09,1646.84,1.63668e+13,1.19294e+09,1.20716e+13,1.28804e+06,263.277,6.26845e+12,9.42651e+14,0,1.2963e+08,4399.64,0,0,157.437,9.05147e+10,1.13594e+16,1.46691e+14,9.76232e+17,2.29909e+19,1.79765e+18,2.53575e+16,6.956e+17,4.237e+15,2.67022e+10,8.78023e+10,2.59911e+15,2.65006e+16,5.94754e+17,3.4389e+17,3.19396e+17,4.27018e+10,3.50336e+17,5.58101e+17,1.92e+25,4.8e+24,1.2e+24,0.00819551,475000000
0,0,0,0,0,1.63658e+09,1.45722e+11,5.99384e+13,103136,2.24138e+12,0,0,0,0,0,8.62418e+14,5.31202e+09,1126.09,1.23531e+13,9.00469e+08,9.11128e+12,943295,249.446,4.61842e+12,8.99875e+14,0,8.85685e+07,2961.08,0,0,105.959,6.81151e+10,8.78707e+15,1.15247e+14,9.36517e+17,2.29928e+19,1.78686e+18,2.53997e+16,6.87821e+17,4.07992e+15,2.62449e+10,8.58476e+10,2.70228e+15,2.65006e+16,5.57844e+17,3.31162e+17,3.22234e+17,4.08733e+10,3.59623e+17,5.69338e+17,1.92e+25,4.8e+24,1.2e+24,0.00869551,500000000
0,0,0,0,0,1.12401e+09,1.00081e+11,5.39076e+13,71866.1,2.11272e+12,0,0,0,0,0,8.2264e+14,4.01774e+09,783.512,9.34647e+12,6.8134e+08,6.89366e+12,694100,237.069,3.41841e+12,8.60318e+14,0,6.15796e+07,2014.26,0,0,72.0777,5.18242e+10,6.80788e+15,9.09171e+13,8.98538e+17,2.29942e+19,1.77637e+18,2.54319e+16,6.80723e+17,3.92859e+15,2.58215e+10,8.40834e+10,2.80053e+15,2.65006e+16,5.24174e+17,3.19484e+17,3.2473e+17,3.91997e+10,3.68275e+17,5.79774e+17,1.92e+25,4.8e+24,1.2e+24,0.00919551,525000000
0,0,0,0,0,7.81105e+08,6.95479e+10,4.88571e+13,50535.9,2.02594e+12,0,0,0,0,0,7.86396e+14,3.04549e+09,553.756,7.08711e+12,5.16657e+08,5.22723e+12,512921,225.921,2.54061e+12,8.2371e+14,0,4.3495e+07,1383.79,0,0,49.5168,3.99001e+10,5.28215e+15,7.20354e+13,8.6221e+17,2.29951e+19,1.76623e+18,2.54566e+16,6.74232e+17,3.78298e+15,2.54292e+10,8.2486e+10,2.89418e+15,2.65005e+16,4.93358e+17,3.08737e+17,3.26932e+17,3.76641e+10,3.76351e+17,5.8949e+17,1.92e+25,4.8e+24,1.2e+24,0.00969551,550000000
0,0,0,0,0,1.45509e+08,1.29553e+10,3.29627e+13,9767.27,1.86422e+12,0,0,0,0,0,6.44332e+14,7.82786e+08,116.153,1.8244e+12,1.33006e+08,1.34562e+12,119064,183.322,6.05228e+11,6.76615e+14,0,9.10946e+06,239.966,0,0,8.58673,1.32874e+10,1.51317e+15,2.4261e+13,7.02698e+17,2.29962e+19,1.72106e+18,2.55172e+16,6.48904e+17,3.13628e+15,2.38475e+10,7.63998e+10,3.30267e+15,2.65004e+16,3.72121e+17,2.65807e+17,3.34755e+17,3.15949e+10,4.09727e+17,6.2947e+17,1.92e+25,4.8e+24,1.2e+24,0.0121955,560000000
0,0,0,0,0,8.01674e+06,7.13742e+08,2.11456e+13,554.816,1.78378e+12,0,0,0,0,0,4.71755e+14,5.67318e+07,7.6286,1.32533e+11,9.66076e+06,9.77524e+10,7782.19,133.62,4.11495e+10,4.95633e+14,0,598737,11.1565,0,0,0.399215,4.06841e+09,1.33988e+14,4.58717e+12,4.70104e+17,2.29928e+19,1.6545e+18,2.55391e+16,6.20502e+17,2.17725e+15,2.19213e+10,6.98527e+10,3.89767e+15,2.65002e+16,2.28345e+17,2.12309e+17,3.41999e+17,2.42575e+10,4.53426e+17,6.81741e+17,1.92e+25,4.8e+24,1.2e+24,0.0171955,580000000
0,0,0,0,0,656215,5.84215e+07,1.73622e+13,47.0081,1.68272e+12,0,0,0,0,0,3.6999e+14,4.57934e+06,0.606168,1.07152e+10,780920,7.9032e+09,733.491,105.153,3.98884e+09,3.90231e+14,0,47588.8,0.739415,0,0,0.0264585,2.34584e+09,1.38263e+13,1.72351e+12,3.16677e+17,2.29886e+19,1.60873e+18,2.5541e+16,6.07615e+17,1.53097e+15,2.0872e+10,6.69787e+10,4.299e+15,2.65e+16,1.50041e+17,1.7991e+17,3.44827e+17,1.9986e+10,4.80015e+17,7.13847e+17,1.92e+25,4.8e+24,1.2e+24,0.0221955,600000000
0,0,0,0,0,92882.2,8.26767e+06,1.58928e+13,7.68817,1.56513e+12,0,0,0,0,0,3.0263e+14,520044,0.0685173,1.21818e+09,88765.1,8.98492e+08,192.048,86.5756,1.06678e+09,3.21304e+14,0,5351.23,0.0768636,0,0,0.00275041,1.584e+09,2.47036e+12,9.12778e+11,2.14371e+17,2.29846e+19,1.57505e+18,2.55412e+16,6.02597e+17,1.08823e+15,2.0266e+10,6.58753e+10,4.57775e+15,2.64999e+16,1.03667e+17,1.57669e+17,3.46075e+17,1.7148e+10,4.97381e+17,7.35151e+17,1.92e+25,4.8e+24,1.2e+24,0.0271955,620000000
0,0,0,0,0,36075.6,3.21045e+06,1.52521e+13,3.50284,1.44755e+12,0,0,0,0,0,2.547e+14,165837,0.0218031,3.88759e+08,28322.9,2.86735e+08,125.371,73.4565,7.08232e+08,2.72617e+14,0,1685.2,0.0235227,0,0,0,1.14229e+09,1.17282e+12,5.48215e+11,1.45657e+17,2.29808e+19,1.54878e+18,2.55413e+16,6.01917e+17,7.81201e+14,1.99054e+10,6.5726e+10,4.77519e+15,2.64999e+16,7.46981e+16,1.41042e+17,3.46684e+17,1.50834e+10,5.09343e+17,7.50102e+17,1.92e+25,4.8e+24,1.2e+24,0.0321955,640000000
0,0,0,0,0,26132.1,2.32543e+06,1.49464e+13,2.63055,1.33723e+12,0,0,0,0,0,2.18849e+14,116463,0.0152943,2.73175e+08,19898.9,2.01484e+08,102.315,63.6846,5.86101e+08,2.36351e+14,0,1178.16,0.0161884,0,0,0,8.59928e+08,8.98768e+11,3.4965e+11,9.92612e+16,2.29772e+19,1.52733e+18,2.55413e+16,6.03733e+17,5.66479e+14,1.96889e+10,6.61226e+10,4.91711e+15,2.64998e+16,5.58964e+16,1.27842e+17,3.4701e+17,1.34823e+10,5.17958e+17,7.61084e+17,1.92e+25,4.8e+24,1.2e+24,0.0371955,660000000
0,0,0,0,0,22030,1.9604e+06,1.4785e+13,2.21543,1.2367e+12,0,0,0,0,0,1.91034e+14,97339.4,0.0127748,2.28422e+08,16636.5,1.68476e+08,87.2948,56.1192,5.06072e+08,2.08274e+14,0,983.485,0.013384,0,0,0,6.68476e+08,7.65199e+11,2.31978e+11,6.78107e+16,2.29737e+19,1.50919e+18,2.55414e+16,6.07001e+17,4.15375e+14,1.95603e+10,6.68401e+10,5.02044e+15,2.64998e+16,4.3314e+16,1.16904e+17,3.47201e+17,1.21822e+10,5.24413e+17,7.69478e+17,1.92e+25,4.8e+24,1.2e+24,0.0421955,680000000
0,0,0,0,0,19295.8,1.7171e+06,1.46864e+13,1.92888,1.14634e+12,0,0,0,0,0,1.68837e+14,84195.9,0.0110458,1.97649e+08,14393.1,1.45779e+08,75.9377,50.0874,4.44886e+08,1.85888e+14,0,850.126,0.0114996,0,0,0,5.32887e+08,6.70703e+11,1.58692e+11,4.64232e+16,2.29703e+19,1.4934e+18,2.55414e+16,6.11105e+17,3.08484e+14,1.94865e+10,6.77469e+10,5.09664e+15,2.64998e+16,3.46627e+16,1.07559e+17,3.47322e+17,1.1091e+10,5.29426e+17,7.76126e+17,1.92e+25,4.8e+24,1.2e+24,0.0471955,700000000
0,0,0,0,0,17189.3,1.52966e+06,1.46136e+13,1.70766,1.06564e+12,0,0,0,0,0,1.50725e+14,73954,0.00970022,1.73656e+08,12644.1,1.28082e+08,66.969,45.1659,3.96067e+08,1.67623e+14,0,746.344,0.0100507,0,0,0,4.33508e+08,5.96735e+11,1.11438e+11,3.18404e+16,2.2967e+19,1.47936e+18,2.55414e+16,6.1567e+17,2.32486e+14,1.94475e+10,6.87627e+10,5.15361e+15,2.64997e+16,2.85584e+16,9.93981e+16,3.47405e+17,1.01531e+10,5.33448e+17,7.81561e+17,1.92e+25,4.8e+24,1.2e+24,0.0521955,720000000
0,0,0,0,0,15477.3,1.37732e+06,1.45496e+13,1.52864,9.93681e+11,0,0,0,0,0,1.35676e+14,65688.1,0.00861512,1.54283e+08,11231.9,1.13794e+08,59.7049,41.0744,3.56163e+08,1.52438e+14,0,662.653,0.00888822,0,0,0,3.58614e+08,5.36527e+11,8.01586e+10,2.1875e+16,2.29637e+19,1.46666e+18,2.55414e+16,6.20462e+17,1.78156e+14,1.94306e+10,6.98373e+10,5.19684e+15,2.64997e+16,2.41379e+16,9.21582e+16,3.47463e+17,9.33271e+09,5.36768e+17,7.86132e+17,1.92e+25,4.8e+24,1.2e+24,0.0571955,740000000
0,0,0,0,0,14044.3,1.24981e+06,1.44865e+13,1.37965,9.29492e+11,0,0,0,0,0,1.22984e+14,58879.4,0.0077218,1.3832e+08,10068.4,1.0202e+08,53.7063,37.62,3.22941e+08,1.39618e+14,0,593.758,0.00793235,0,0,0,3.00852e+08,4.86345e+11,5.90123e+10,1.50514e+16,2.29605e+19,1.45502e+18,2.55415e+16,6.25338e+17,1.39069e+14,1.94279e+10,7.09392e+10,5.2302e+15,2.64997e+16,2.08504e+16,8.56617e+16,3.47506e+17,8.60597e+09,5.39578e+17,7.90068e+17,1.92e+25,4.8e+24,1.2e+24,0.0621955,760000000
0,0,0,0,0,12821.1,1.14097e+06,1.44206e+13,1.25321,8.72115e+11,0,0,0,0,0,1.12141e+14,53181.1,0.00697445,1.24957e+08,9094.43,9.21639e+07,48.6737,34.6653,2.94862e+08,1.28653e+14,0,536.127,0.0071321,0,0,0,2.55429e+08,4.43792e+11,4.44568e+10,1.03708e+16,2.29574e+19,1.44425e+18,2.55415e+16,6.30208e+17,1.10735e+14,1.94343e+10,7.20485e+10,5.25643e+15,2.64997e+16,1.83383e+16,7.97834e+16,3.47538e+17,7.95606e+09,5.42005e+17,7.93526e+17,1.92e+25,4.8e+24,1.2e+24,0.0671955,780000000
0,0,0,0,0,11762,1.04673e+06,1.43507e+13,1.14437,8.20677e+11,0,0,0,0,0,1.02779e+14,48348.9,0.00634083,1.13622e+08,8268.37,8.38038e+07,44.3955,32.11,2.70828e+08,1.19169e+14,0,487.273,0.00645262,0,0,0,2.19109e+08,4.07221e+11,3.42716e+10,7.15502e+15,2.29543e+19,1.43421e+18,2.55415e+16,6.35019e+17,9.00083e+13,1.94465e+10,7.31527e+10,5.27746e+15,2.64997e+16,1.63657e+16,7.4431e+16,3.47563e+17,7.37069e+09,5.44137e+17,7.96614e+17,1.92e+25,4.8e+24,1.2e+24,0.0721955,800000000
0,0,0,0,0,10835,964236,1.42764e+13,1.04961,7.74407e+11,0,0,0,0,0,9.46184e+13,44205.1,0.00579754,1.03901e+08,7559.89,7.66334e+07,40.7178,29.8787,2.50036e+08,1.10888e+14,0,445.393,0.00586906,0,0,0,1.89646e+08,3.75446e+11,2.70303e+10,4.94241e+15,2.29512e+19,1.42478e+18,2.55415e+16,6.39739e+17,7.46846e+13,1.94623e+10,7.42443e+10,5.29467e+15,2.64997e+16,1.47754e+16,6.95341e+16,3.47581e+17,6.84051e+09,5.46037e+17,7.99408e+17,1.92e+25,4.8e+24,1.2e+24,0.0771955,820000000
0,0,0,0,0,10016.5,891403,1.41981e+13,0.96639,7.32634e+11,0,0,0,0,0,8.74472e+13,40617.2,0.00532718,9.5482e+07,6946.41,7.0424e+07,37.5259,27.914,2.31882e+08,1.03597e+14,0,409.141,0.00536309,0,0,0,1.65444e+08,3.47585e+11,2.17986e+10,3.41793e+15,2.29481e+19,1.4159e+18,2.55415e+16,6.44353e+17,6.32143e+13,1.94804e+10,7.53191e+10,5.30904e+15,2.64997e+16,1.34612e+16,6.50373e+16,3.47594e+17,6.35821e+09,5.47746e+17,8.0196e+17,1.92e+25,4.8e+24,1.2e+24,0.0821955,840000000
0,0,0,0,0,9288.74,826640,1.4116e+13,0.892753,6.9478e+11,0,0,0,0,0,8.10998e+13,37484.5,0.00491651,8.81306e+07,6410.74,6.50019e+07,34.7323,26.1714,2.15902e+08,9.71294e+13,0,377.498,0.00492086,0,0,0,1.4534e+08,3.22966e+11,1.79554e+10,2.36623e+15,2.29451e+19,1.40749e+18,2.55415e+16,6.48853e+17,5.45072e+13,1.94999e+10,7.63748e+10,5.32129e+15,2.64997e+16,1.23505e+16,6.08955e+16,3.47603e+17,5.91792e+09,5.49299e+17,8.0431e+17,1.92e+25,4.8e+24,1.2e+24,0.0871955,860000000
0,0,0,0,0,8637.7,768705,1.40308e+13,0.827187,6.60349e+11,0,0,0,0,0,7.54456e+13,34729.2,0.00455531,8.16639e+07,5939.57,6.02324e+07,32.2696,24.6157,2.01739e+08,9.13555e+13,0,349.672,0.00453161,0,0,0,1.28477e+08,3.01065e+11,1.50827e+10,1.63982e+15,2.29421e+19,1.3995e+18,2.55415e+16,6.53237e+17,4.77946e+13,1.95202e+10,7.74104e+10,5.33191e+15,2.64997e+16,1.13934e+16,5.70713e+16,3.47609e+17,5.51479e+09,5.50717e+17,8.06487e+17,1.92e+25,4.8e+24,1.2e+24,0.0921955,880000000
0,0,0,0,0,8052.27,716609,1.39428e+13,0.768489,6.28919e+11,0,0,0,0,0,7.038e+13,32289.8,0.00423552,7.59383e+07,5522.42,5.60094e+07,30.0844,23.2186,1.89105e+08,8.61706e+13,0,325.042,0.0041869,0,0,0,1.14206e+08,2.81466e+11,1.28966e+10,1.13752e+15,2.29391e+19,1.39189e+18,2.55416e+16,6.57508e+17,4.25334e+13,1.9541e+10,7.8426e+10,5.34129e+15,2.64996e+16,1.05548e+16,5.3533e+16,3.47612e+17,5.14476e+09,5.5202e+17,8.08513e+17,1.92e+25,4.8e+24,1.2e+24,0.0971955,900000000
0,0,0,0,0,4401.99,391769,1.29901e+13,0.409005,4.2056e+11,0,0,0,0,0,3.90822e+13,17891.8,0.00234766,4.21315e+07,3060.05,3.10747e+07,17.0617,14.4726,1.12172e+08,5.37119e+13,0,179.783,0.00216144,0,0,0,4.36726e+07,1.60788e+11,4.81678e+09,3.07085e+13,2.29102e+19,1.33078e+18,2.55417e+16,6.95167e+17,2.09522e+13,1.97532e+10,8.76675e+10,5.40211e+15,2.64995e+16,5.44721e+15,2.92422e+16,3.47575e+17,2.6869e+09,5.60855e+17,8.23061e+17,1.92e+25,4.8e+24,1.2e+24,0.147196,1000000020
0,0,0,0,0,2690.06,239417,1.20218e+13,0.245333,3.107e+11,0,0,0,0,0,2.43706e+13,11565.3,0.00151779,2.72668e+07,1978.04,2.0111e+07,11.2396,10.2181,7.64546e+07,3.79222e+13,0,116.04,0.00129301,0,0,0,2.11556e+07,1.04214e+11,2.73268e+09,8.84537e+11,2.28828e+19,1.28622e+18,2.55417e+16,7.26974e+17,1.43357e+13,1.99654e+10,9.58736e+10,5.43957e+15,2.64995e+16,2.996e+15,1.66855e+16,3.47512e+17,1.48179e+09,5.65369e+17,8.31246e+17,1.92e+25,4.8e+24,1.2e+24,0.197196,1100000022
0,0,0,0,0,1753.81,156094,1.10974e+13,0.157671,2.43401e+11,0,0,0,0,0,1.61752e+13,8149.51,0.00106961,1.9236e+07,1393.83,1.41878e+07,8.05292,7.74267,5.63531e+07,2.87352e+13,0,81.6601,0,0,0,0,1.16547e+07,7.25551e+10,1.81094e+09,2.67791e+10,2.28563e+19,1.25027e+18,2.55418e+16,7.557e+17,1.1269e+13,2.01742e+10,1.036e+11,5.46851e+15,2.64995e+16,1.69248e+15,9.78782e+15,3.47464e+17,8.44931e+08,5.67795e+17,8.36002e+17,1.92e+25,4.8e+24,1.2e+24,0.247196,1200000024
0,0,0,0,0,1194.32,106299,1.02326e+13,0.106098,1.98366e+11,0,0,0,0,0,1.11594e+13,6068.16,0,1.43394e+07,1037.85,1.05762e+07,6.08885,6.14602,4.36955e+07,2.28096e+13,0,0,0,0,0,0,6.95743e+06,5.29489e+10,1.31334e+09,8.45199e+08,2.28306e+19,1.21918e+18,2.55418e+16,7.82594e+17,9.70017e+12,2.03726e+10,1.11105e+11,5.49364e+15,2.64995e+16,9.74544e+14,5.85574e+15,3.47432e+17,4.92924e+08,5.69136e+17,8.38816e+17,1.92e+25,4.8e+24,1.2e+24,0.297196,1300000026
0,0,0,0,0,839.938,74759,9.43163e+12,0.0738356,1.66414e+11,0,0,0,0,0,7.90326e+12,4696.39,0,1.111e+07,803.231,8.19432e+06,4.7801,5.04421,3.51144e+07,1.87205e+13,0,0,0,0,0,0,4.3854e+06,3.99776e+10,1.00881e+09,2.76785e+07,2.28055e+19,1.19103e+18,2.55418e+16,8.08261e+17,8.86878e+12,2.05549e+10,1.18513e+11,5.51716e+15,2.64995e+16,5.69859e+14,3.55749e+15,3.47412e+17,2.92546e+08,5.69892e+17,8.40504e+17,1.92e+25,4.8e+24,1.2e+24,0.347196,1400000028
0,0,0,0,0,605.927,53931.5,8.69434e+12,0.0527527,1.42769e+11,0,0,0,0,0,5.70347e+12,3739.96,0,8.85689e+06,639.651,6.53253e+06,3.85851,4.24645,2.89834e+07,1.57597e+13,0,0,0,0,0,0,2.87379e+06,3.09846e+10,8.06149e+08,937698,2.27811e+19,1.16477e+18,2.55419e+16,8.33018e+17,8.42653e+12,2.07174e+10,1.25884e+11,5.54022e+15,2.64995e+16,3.37662e+14,2.18926e+15,3.474e+17,1.76063e+08,5.70326e+17,8.41529e+17,1.92e+25,4.8e+24,1.2e+24,0.397196,1500000030
0,0,0,0,0,446.402,39733.2,8.01869e+12,0.0385121,1.24699e+11,0,0,0,0,0,4.1745e+12,3044.91,0,7.21844e+06,520.775,5.32406e+06,3.18237,3.64755,2.44277e+07,1.35371e+13,0,0,0,0,0,0,1.93847e+06,2.45263e+10,6.63531e+08,32799.2,2.27573e+19,1.13982e+18,2.55419e+16,8.57038e+17,8.19854e+12,2.08584e+10,1.33249e+11,5.56344e+15,2.64995e+16,2.02473e+14,1.36272e+15,3.47392e+17,1.07245e+08,5.70577e+17,8.42158e+17,1.92e+25,4.8e+24,1.2e+24,0.447196,1600000032
0,0,0,0,0,334.844,29804.1,7.40152e+12,0.0286368,1.10534e+11,0,0,0,0,0,3.08908e+12,2523.37,0,5.98815e+06,431.574,4.41665e+06,2.67031,3.18497,2.09374e+07,1.18203e+13,0,0,0,0,0,0,1.33686e+06,1.97579e+10,5.59241e+08,1182.85,2.27339e+19,1.11586e+18,2.55419e+16,8.80425e+17,8.09203e+12,2.0977e+10,1.4062e+11,5.58715e+15,2.64995e+16,1.22757e+14,8.57184e+14,3.47388e+17,6.60406e+07,5.70725e+17,8.42547e+17,1.92e+25,4.8e+24,1.2e+24,0.497196,1700000034
0,0,0,0,0,255.158,22711.6,6.83909e+12,0.0216379,9.91971e+10,0,0,0,0,0,2.30596e+12,2121.87,0,5.04042e+06,362.905,3.71764e+06,2.27254,2.81936,1.81968e+07,1.04634e+13,0,0,0,0,0,0,938141,1.61568e+10,4.80824e+08,43.9333,2.27111e+19,1.09266e+18,2.55419e+16,9.0324e+17,8.05584e+12,2.10732e+10,1.48002e+11,5.61156e+15,2.64995e+16,7.52086e+13,5.44544e+14,3.47385e+17,4.10815e+07,5.70813e+17,8.42791e+17,1.92e+25,4.8e+24,1.2e+24,0.547196,1800000036
0,0,0,0,0,197.193,17552.3,6.32736e+12,0.0165849,8.9964e+10,0,0,0,0,0,1.73368e+12,1806.23,0,4.29485e+06,308.921,3.16773e+06,1.95705,2.52479,1.60006e+07,9.37018e+12,0,0,0,0,0,0,667574,1.33853e+10,4.20581e+08,1.67907,2.26888e+19,1.07012e+18,2.55419e+16,9.25524e+17,8.06096e+12,2.11477e+10,1.55395e+11,5.63676e+15,2.64995e+16,4.65413e+13,3.49218e+14,3.47383e+17,2.58023e+07,5.70865e+17,8.42945e+17,1.92e+25,4.8e+24,1.2e+24,0.597196,1900000038
0,0,0,0,0,154.352,13739.2,5.86224e+12,0.0128772,8.23329e+10,0,0,0,0,0,1.31115e+12,1553.68,0,3.69789e+06,265.727,2.72743e+06,1.7024,2.28355,1.42103e+07,8.4749e+12,0,0,0,0,0,0,480458,1.12175e+10,3.73485e+08,0.0659813,2.2667e+19,1.04816e+18,2.55419e+16,9.47305e+17,8.09049e+12,2.12012e+10,1.62796e+11,5.66282e+15,2.64995e+16,2.90813e+13,2.2601e+14,3.47382e+17,1.63562e+07,5.70897e+17,8.43042e+17,1.92e+25,4.8e+24,1.2e+24,0.647196,2000000040
0,0,0,0,0,122.236,10880.5,5.4397e+12,0.0101171,7.59456e+10,0,0,0,0,0,9.96548e+11,1348.55,0,3.21266e+06,230.641,2.36955e+06,1.49375,2.08321,1.2729e+07,7.73137e+12,0,0,0,0,0,0,349044,9.49774e+09,3.36122e+08,0.00266411,2.26456e+19,1.02673e+18,2.55419e+16,9.68605e+17,8.13443e+12,2.12346e+10,1.70199e+11,5.68976e+15,2.64995e+16,1.83431e+13,1.47575e+14,3.47381e+17,1.04615e+07,5.70916e+17,8.43105e+17,1.92e+25,4.8e+24,1.2e+24,0.697196,2100000042
0,0,0,0,0,97.8484,8709.84,5.05587e+12,0.00803555,7.05401e+10,0,0,0,0,0,7.60656e+11,1179.73,0,2.81308e+06,201.769,2.07483e+06,1.32058,1.91477,1.14876e+07,7.10625e+12,0,0,0,0,0,0,255567,8.1163e+09,3.06099e+08,0,2.26247e+19,1.00578e+18,2.55419e+16,9.89441e+17,8.18671e+12,2.12489e+10,1.776e+11,5.71759e+15,2.64995e+16,1.16764e+13,9.71974e+13,3.47381e+17,6.74971e+06,5.70928e+17,8.43145e+17,1.92e+25,4.8e+24,1.2e+24,0.747196,2200000044
0,0,0,0,0,79.111,7042.02,4.70712e+12,0.00644694,6.59213e+10,0,0,0,0,0,5.8273e+11,1039.21,0,2.48024e+06,177.735,1.82934e+06,1.17521,1.77162,1.04354e+07,6.57496e+12,0,0,0,0,0,0,188367,6.99418e+09,2.81697e+08,0,2.26043e+19,9.85309e+17,2.55419e+16,1.00983e+18,8.24358e+12,2.12452e+10,1.84993e+11,5.74632e+15,2.64995e+16,7.49946e+12,6.45609e+13,3.47381e+17,4.39206e+06,5.70935e+17,8.43172e+17,1.92e+25,4.8e+24,1.2e+24,0.797196,2300000046
0,0,0,0,0,64.5578,5746.63,4.39006e+12,0.00522118,6.19409e+10,0,0,0,0,0,4.47843e+11,921.044,0,2.20017e+06,157.525,1.62277e+06,1.05193,1.64877,9.53462e+06,6.11903e+12,0,0,0,0,0,0,139623,6.07347e+09,2.61662e+08,0,2.25843e+19,9.65282e+17,2.55419e+16,1.02977e+18,8.30272e+12,2.12245e+10,1.92373e+11,5.77594e+15,2.64995e+16,4.85901e+12,4.32394e+13,3.47381e+17,2.88177e+06,5.7094e+17,8.43189e+17,1.92e+25,4.8e+24,1.2e+24,0.847196,2400000048
0,0,0,0,0,53.1401,4730.33,4.10156e+12,0.00426572,5.84845e+10,0,0,0,0,0,3.45138e+11,820.779,0,1.96236e+06,140.376,1.44737e+06,0.946462,1.54243,8.75639e+06,5.72437e+12,0,0,0,0,0,0,103996,5.31106e+09,2.45058e+08,0,2.25646e+19,9.45689e+17,2.55419e+16,1.04929e+18,8.36266e+12,2.11878e+10,1.99736e+11,5.80644e+15,2.64995e+16,3.17526e+12,2.91952e+13,3.4738e+17,1.90627e+06,5.70942e+17,8.432e+17,1.92e+25,4.8e+24,1.2e+24,0.897196,2500000050
0,0,0,0,0,44.0978,3925.46,3.83878e+12,0.00351383,5.54628e+10,0,0,0,0,0,2.66637e+11,735.008,0,1.75878e+06,125.707,1.29722e+06,0.855494,1.44965,8.07857e+06,5.38007e+12,0,0,0,0,0,0,77786.9,4.67441e+09,2.3118e+08,0,2.25455e+19,9.26515e+17,2.55419e+16,1.06839e+18,8.42246e+12,2.11362e+10,2.07074e+11,5.8378e+15,2.64995e+16,2.09241e+12,1.98698e+13,3.4738e+17,1.27107e+06,5.70944e+17,8.43207e+17,1.92e+25,4.8e+24,1.2e+24,0.947196,2600000052
0,0,0,0,0,36.8733,3282.39,3.59912e+12,0.00291686,5.2805e+10,0,0,0,0,0,2.06438e+11,661.096,0,1.58324e+06,113.066,1.16774e+06,0.776462,1.36814,7.48384e+06,5.07756e+12,0,0,0,0,0,0,58396.4,4.13863e+09,2.1949e+08,0,2.25267e+19,9.07749e+17,2.55419e+16,1.08709e+18,8.48152e+12,2.10704e+10,2.14385e+11,5.87002e+15,2.64995e+16,1.39019e+12,1.36289e+13,3.4738e+17,854181,5.70945e+17,8.43212e+17,1.92e+25,4.8e+24,1.2e+24,0.997196,2700000054
0,0,0,0,0,14.435,1285.04,2.53126e+12,0.00109529,4.19646e+10,0,0,0,0,0,4.59826e+10,460.236,0,1.10734e+06,78.7125,816739,1.13561,1.03426,5.14143e+06,3.8385e+12,0,0,0,0,0,0,11051.2,2.20969e+09,1.77224e+08,0,2.24219e+19,8.03172e+17,2.55419e+16,1.19124e+18,8.80698e+12,2.04291e+10,2.57432e+11,6.08049e+15,2.64995e+16,1.40728e+11,1.65763e+12,3.4738e+17,91921.6,5.70945e+17,8.4322e+17,1.92e+25,4.8e+24,1.2e+24,1.2972,3000000084
0,0,0,0,0,0,0,1.5696e+12,0,3.35055e+10,0,0,0,0,0,4.02639e+09,213.482,0,517046,36.5104,381355,0.562706,0.761562,3.12048e+06,2.8265e+12,0,0,0,0,0,0,771.222,1.01755e+09,1.50687e+08,0,2.22741e+19,6.5573e+17,2.55419e+16,1.33787e+18,9.22831e+12,1.87319e+10,3.24707e+11,6.49018e+15,2.64995e+16,5.36958e+09,8.38912e+10,3.4738e+17,3798.05,5.70941e+17,8.43217e+17,1.92e+25,4.8e+24,1.2e+24,1.7972,3500000098
0,0,0,0,0,0,0,1.06614e+12,0,2.97732e+10,0,0,0,0,0,3.57645e+08,111.704,0,272008,19.1038,200624,0.309843,0.623919,2.10204e+06,2.31569e+12,0,0,0,0,0,0,56.0238,5.71849e+08,1.40423e+08,0,2.21539e+19,5.36003e+17,2.55419e+16,1.45666e+18,9.53149e+12,1.66713e+10,3.8493e+11,6.96218e+15,2.64995e+16,3.61875e+08,7.33803e+09,3.4738e+17,271.558,5.70937e+17,8.43214e+17,1.92e+25,4.8e+24,1.2e+24,2.2972,4000000112
0,0,0,0,0,0,0,7.65152e+11,0,2.80371e+10,0,0,0,0,0,3.06378e+07,62.6839,0,153316,10.7202,113081,0.180952,0.542269,1.50035e+06,2.01266e+12,0,0,0,0,0,0,3.98178,3.60785e+08,1.35339e+08,0,2.20559e+19,4.38567e+17,2.55419e+16,1.55306e+18,9.75368e+12,1.45434e+10,4.37563e+11,7.48527e+15,2.64995e+16,3.85429e+07,9.98457e+08,3.4738e+17,30.2329,5.70934e+17,8.4321e+17,1.92e+25,4.8e+24,1.2e+24,2.7972,4500000126
0,0,0,0,0,0,0,5.68164e+11,0,2.73077e+10,0,0,0,0,0,2.44361e+06,36.8121,0,90364.3,6.29554,66649.8,0.109669,0.488991,1.11045e+06,1.81493e+12,0,0,0,0,0,0,0.266296,2.44847e+08,1.32401e+08,0,2.19759e+19,3.59131e+17,2.55419e+16,1.63137e+18,9.91981e+12,1.25098e+10,4.82804e+11,8.05016e+15,2.64995e+16,6.04908e+06,1.97701e+08,3.4738e+17,4.90201,5.7093e+17,8.43206e+17,1.92e+25,4.8e+24,1.2e+24,3.2972,5000000140
0,0,0,0,0,0,0,4.31114e+11,0,2.71325e+10,0,0,0,0,0,176699,22.3149,0,54940.6,3.81622,40522.4,0.0681663,0.452018,842327,1.67772e+12,0,0,0,0,0,0,0.0163085,1.74537e+08,1.30525e+08,0,2.19105e+19,2.94276e+17,2.55419e+16,1.69504e+18,1.00462e+13,1.06507e+10,5.21223e+11,8.64918e+15,2.64995e+16,1.34968e+06,5.50307e+07,3.4738e+17,1.11807,5.70926e+17,8.43202e+17,1.92e+25,4.8e+24,1.2e+24,3.7972,5500000154
0,0,0,0,0,0,0,3.31634e+11,0,2.72634e+10,0,0,0,0,0,11346,13.8435,0,34167,2.36746,25200.5,0.0431431,0.425251,650261,1.57837e+12,0,0,0,0,0,0,0,1.28823e+08,1.29243e+08,0,2.18568e+19,2.41263e+17,2.55419e+16,1.74681e+18,1.01436e+13,8.99865e+09,5.53546e+11,9.27607e+15,2.64995e+16,416198,2.0946e+07,3.4738e+17,0.3489,5.70922e+17,8.43198e+17,1.92e+25,4.8e+24,1.2e+24,4.2972,6000000168
0,0,0,0,0,0,0,2.57201e+11,0,2.7541e+10,0,0,0,0,0,636.337,8.73898,0,21612,1.4945,15940.3,0.027675,0.405272,508555,1.50422e+12,0,0,0,0,0,0,0,9.75434e+07,1.28325e+08,0,2.18128e+19,1.97887e+17,2.55419e+16,1.78889e+18,1.02196e+13,7.55862e+09,5.8054e+11,9.92569e+15,2.64995e+16,168917,1.03978e+07,3.4738e+17,0.142058,5.70918e+17,8.43195e+17,1.92e+25,4.8e+24,1.2e+24,4.7972,6500000182
0,0,0,0,0,0,0,2.00275e+11,0,2.78482e+10,0,0,0,0,0,30.7623,5.59105,0,13849.9,0.956151,10215.3,0.0179353,0.390018,401676,1.4476e+12,0,0,0,0,0,0,0,7.52954e+07,1.27644e+08,0,2.17766e+19,1.62368e+17,2.55419e+16,1.82308e+18,1.02795e+13,6.32045e+09,6.02943e+11,1.05938e+16,2.64995e+16,84189.1,6.29397e+06,3.4738e+17,0.0705555,5.70914e+17,8.43191e+17,1.92e+25,4.8e+24,1.2e+24,5.2972,7000000196
0,0,0,0,0,0,0,1.56051e+11,0,2.80906e+10,0,0,0,0,0,1.26823,3.61472,0,8966.47,0.618168,6613.39,0.011716,0.378168,319693,1.40362e+12,0,0,0,0,0,0,0,5.89897e+07,1.27127e+08,0,2.17468e+19,1.33264e+17,2.55419e+16,1.85083e+18,1.0327e+13,5.26648e+09,6.21435e+11,1.1277e+16,2.64995e+16,48232.1,4.35315e+06,3.4738e+17,0.0400518,5.70911e+17,8.43187e+17,1.92e+25,4.8e+24,1.2e+24,5.7972,7500000210
0,0,0,0,0,0,0,1.21327e+11,0,2.81878e+10,0,0,0,0,0,0.0442045,2.35644,0,5851.84,0.402983,4316.13,0.00770131,0.368838,255977,1.369e+12,0,0,0,0,0,0,0,4.67537e+07,1.26727e+08,0,2.17223e+19,1.09403e+17,2.55419e+16,1.8733e+18,1.03648e+13,4.37604e+09,6.36621e+11,1.19725e+16,2.64995e+16,30302.1,3.28133e+06,3.4738e+17,0.0247849,5.70907e+17,8.43183e+17,1.92e+25,4.8e+24,1.2e+24,6.2972,8000000224
0,0,0,0,0,0,0,9.38922e+10,0,2.80726e+10,0,0,0,0,0,0.00129354,1.54638,0,3843.75,0.26445,2835.03,0.00508759,0.361416,205940,1.34145e+12,0,0,0,0,0,0,0,3.73968e+07,1.26413e+08,0,2.1702e+19,8.98333e+16,2.55419e+16,1.89147e+18,1.03952e+13,3.6281e+09,6.49028e+11,1.2678e+16,2.64995e+16,20292.9,2.6177e+06,3.4738e+17,0.0162354,5.70903e+17,8.43179e+17,1.92e+25,4.8e+24,1.2e+24,6.7972,8500000238
0,0,0,0,0,0,0,7.21693e+10,0,2.76925e+10,0,0,0,0,0,0,1.02021,0,2537.84,0.174468,1871.83,0.00337438,0.355461,166320,1.31935e+12,0,0,0,0,0,0,0,3.01322e+07,1.26164e+08,0,2.16852e+19,7.37763e+16,2.55419e+16,1.90611e+18,1.04196e+13,3.00266e+09,6.59112e+11,1.33915e+16,2.64995e+16,14259.4,2.17274e+06,3.4738e+17,0.011067,5.70899e+17,8.43175e+17,1.92e+25,4.8e+24,1.2e+24,7.2972,9000000252
0,0,0,0,0,0,0,5.49954e+10,0,2.70138e+10,0,0,0,0,0,0,0.675987,0,1682.63,0.115602,1241.06,0.00224533,0.350651,134738,1.30149e+12,0,0,0,0,0,0,0,2.44222e+07,1.25966e+08,0,2.16713e+19,6.05977e+16,2.55419e+16,1.91785e+18,1.04393e+13,2.4815e+09,6.67261e+11,1.41115e+16,2.64995e+16,10424.2,1.85799e+06,3.4738e+17,0.00777328,5.70895e+17,8.43171e+17,1.92e+25,4.8e+24,1.2e+24,7.7972,9500000266
0,0,0,0,0,0,0,4.14862e+10,0,2.60254e+10,0,0,0,0,0,0,0.449484,0,1119.43,0.0768669,825.654,0.00149798,0.346745,109427,1.287e+12,0,0,0,0,0,0,0,1.98888e+07,1.25808e+08,0,2.16598e+19,4.97789e+16,2.55419e+16,1.92723e+18,1.04553e+13,2.04843e+09,6.73801e+11,1.48368e+16,2.64995e+16,7890.97,1.62738e+06,3.4738e+17,0.00559294,5.70891e+17,8.43168e+17,1.92e+25,4.8e+24,1.2e+24,8.2972,10000000280
0,0,0,0,0,0,0,3.09459e+10,0,2.47406e+10,0,0,0,0,0,0,0.299737,0,746.814,0.0512582,550.827,0.00100152,0.343559,89053.5,1.27517e+12,0,0,0,0,0,0,0,1.62599e+07,1.2568e+08,0,2.16502e+19,4.08956e+16,2.55419e+16,1.93466e+18,1.04682e+13,1.68937e+09,6.79008e+11,1.55663e+16,2.64995e+16,6167.93,1.45459e+06,3.4738e+17,0.00410698,5.70888e+17,8.43164e+17,1.92e+25,4.8e+24,1.2e+24,8.7972,10500000294
0,0,0,0,0,0,0,2.28103e+10,0,2.31963e+10,0,0,0,0,0,0,0,0,0,0,0,0,0.340951,72205.7,1.26549e+12,0,0,0,0,0,0,0,1.33353e+07,1.25577e+08,0,2.16421e+19,3.36002e+16,2.55419e+16,1.9405e+18,1.04786e+13,1.39219e+09,6.83112e+11,1.62991e+16,2.64995e+16,4710.01,1.25734e+06,3.4738e+17,0.00291676,5.70884e+17,8.4316e+17,1.92e+25,4.8e+24,1.2e+24,9.2972,11000000308
0,0,0,0,0,0,0,1.66106e+10,0,2.1449e+10,0,0,0,0,0,0,0,0,0,0,0,0,0.33881,58997.8,1.25754e+12,0,0,0,0,0,0,0,1.09652e+07,1.25494e+08,0,2.16354e+19,2.76081e+16,2.55419e+16,1.94503e+18,1.04871e+13,1.14658e+09,6.86304e+11,1.70346e+16,2.64995e+16,3823.36,1.1209e+06,3.4738e+17,0.00213654,5.7088e+17,8.43156e+17,1.92e+25,4.8e+24,1.2e+24,9.7972,11500000322
